Impulse_Ray_Emitter,Sector,,Red_1,,Argon_Trading_Station,Argon_Shipyard,Argon_Mammoth,Impulse_Ray_Emitter,Shield_1MJ,Mosquito,Energy_Cells,Debris,Delexian_Wheat,Cloth_Rimes,Ore,Warheads,Rock_Largest,North_Gate,,Ring_1,,,,,,,Particle_Effect,Asteroid_1,,
Particle_Accelerator_Cannon,,,Yellow_1,,Split_Trading_Station,Split_Shipyard,Argon_Mercury,Particle_Accelerator_Cannon,Shield_5MJ,Wasp,,Artefacts,Argnu_Beef,Meatsteak_Cahoonas,Silicon,Crystals,Rock_Large,South_Gate,,Ring_2,,,,,,,,,,
Mass_Driver,,,,,Paranid_Trading_Station,Paranid_Shipyard,Argon_Mercury_Tanker,Mass_Driver,Shield_25MJ,Dragonfly,,Fertilizer,Plankton,Space_Fuel,Nvidium,Quantum_Tubes,Rock_Medium,West_Gate,,X_Logo,,,,,,,,,,
Phased_Repeater_Gun,,,Green_1,,Boron_Trading_Station,Boron_Shipyard,Argon_Mercury_Hauler,Phased_Repeater_Gun,Shield_200MJ,Silkworm,,Bio_Organisms,BoGas,Stott_Spices,Ice,Microchips,Rock_Small_1,East_Gate,,,,,,,,,,,,
Energy_Bolt_Chaingun,,,White_1,,Teladi_Trading_Station,Teladi_Shipyard,Argon_Mercury_Tanker_XL,Energy_Bolt_Chaingun,Shield_1GJ,Hornet,,,,BoFu,,Computer_Components,Rock_Small_2,Xenon_Gate,,,,,,,,,,Asteroid_2,,
Fragmentation_Bomb_Launcher,,,,,Xenon_Station,Xenon_Shipyard,Argon_Mercury_Super_Freighter,Fragmentation_Bomb_Launcher,Shield_2GJ,Disruptor,,,,,,Spaceflies,,North_TransOrbital_Accelerator,,,,,,,,,,,,
High_Energy_Plasma_Thrower,,,Red_2,,Argon_Equipment_Dock,Argon_Weapon_Component_Factory,Argon_Mercury_Super_Freighter_XL,High_Energy_Plasma_Thrower,,Sting,,,,,,Slave,,South_TransOrbital_Accelerator,,,,,,,,,,,,
Ion_Disruptor,,,Yellow_2,,Split_Equipment_Dock,Boron_Weapon_Component_Factory,Argon_Express,Ion_Disruptor,,Needle,,,,Majaglit,,Navigation_Relay_Satellite,,West_TransOrbital_Accelerator,,,,,,,,,,,,
Pulsed_Beam_Emitter,,,Green_2,,Paranid_Equipment_Dock,Paranid_Weapon_Component_Factory,Argon_Express_Hauler,Pulsed_Beam_Emitter,,Thorn,,,,,,,,East_TransOrbital_Accelerator,,,,,,,,,,,,
Plasma_Burst_Geerator,,,,,Boron_Equipment_Dock,Split_Weapon_Component_Factory,Argon_Magnetar,Plasma_Burst_Geerator,,Firefly,,,Teladianium,Nostrop_Oil,,Lasertower,,Hub_North,,,,,,,,,,,,
Electro_Magnetic_Plasma_Cannon,,,,,Teladi_Equipment_Dock,Teladi_Weapon_Component_Factory,Argon_Colossus,Electro_Magnetic_Plasma_Cannon,,Thunderbolt,,,,Space_Weed,,Fighter_Drone,,Hub_South,,,,,,,,,,,,
Concussion_Impuse_Generator,,Cloudy_Blue_Background,,,Xenon_Equipment_Dock,Argon_Crystal_Fab_M,Argon_Titan,Concussion_Impuse_Generator,,Tempest,,,Protein_Paste,Terran_MRE,,Salvage_Insurance,,Hub_West,,,,,,,,,,,,
Ion_Pulse_Generator,,,,,Gonor_Temple,Boron_Crystal_Fab_M,Argon_Nova,Ion_Pulse_Generator,,Hurricane,,,Vita_Kai,C_Ration,,Mineral_Scanner,,Hub_East,,,,,,,,,,,,
Ion_Shard_Railgun,,,,,Pirate_Base,Paranid_Crystal_Fab_M,Argon_Nova_Raider,Ion_Shard_Railgun,,,,,Carbo_Cake,,,Freight_Scanner,,Hub_Up,,,,,,,,,,,,
Matter_Anti_Matter_Launcher,,,,,,Split_Crystal_Fab_M,Argon_Nova_Vanguard,Matter_Anti_Matter_Launcher,,Tornado,,,Flavour_Pack,,,Trading_System_Extension,,Hub_Down,,,,,,,,,,,,
Flak_Artillery_Array,,,,,Argon_Military_Outpost,Teladi_Crystal_Fab_M,Argon_Nova_Sentinel,Flak_Artillery_Array,,Typhoon,,,Water,,,,,Hub_Inactive_North,,,,,,,,,,,,
Cluster_Flak_Array,,,,,Boron_Military_Outpost,Argon_Quantum_Tube_Fab,Argon_Eclipse,Cluster_Flak_Array,,,,,,,,Cargobay_Extension,,Hub_Inactive_South,,,,,,,,,,,,
Phased_Array_Laser_Cannon,,,,,Paranid_Military_Outpost,Boron_Quantum_Tube_Fab,Argon_Buster,Phased_Array_Laser_Cannon,,Aurora,,,,,,Engine_Tuning,,Hub_Inactive_West,,,,,,,,,,,,
Phased_Shockwave_Generator,,,,,Split_Military_Outpost,Paranid_Quantum_Tube_Fab,Argon_Buster_Raider,Phased_Shockwave_Generator,,Remote_Guided_Warhead,,,,,,Rudder_Optimisation,,Hub_Inactive_East,,,,,,,,,,,,
Starburst_Shockwave_Cannon,,,,,Teladi_Military_Outpost,Split_Quantum_Tube_Fab,Argon_Buster_Vanguard,Starburst_Shockwave_Cannon,,Beluga,,,,,,Docking_Computer,,Hub_Inactive_Up,,,,,,,,,,,,
Photon_Pulse_Cannon,,,,,Headquarters,Teladi_Quantum_Tube_Fab,Argon_Buster_Sentiel,Photon_Pulse_Cannon,,Hammerhead,,,,,,,,Hub_Inactive_Down,,,,,,,,,,,,
Ion_Cannon,,,,,Goner_Temple_New,Argon_Chip_Plant,Argon_Elite,Ion_Cannon,,Rapier,,,,,,,,,,,,,,,,,,,,
Gauss_Cannon,,,,,USC_Orbital_Supply_Base,Boron_Chip_Plant,Argon_Discoverer,Gauss_Cannon,,Firelance,,,,,,,,Terran_Gate,,,,,,,,,,,,
Incendiary_Bomb_Launcher,,,,,USC_Orbital_Support_Station,,Argon_Discoverer_Raider,Incendiary_Bomb_Launcher,,Wildfire,,,,,,Singularity_Engine_Time_Accelerator,,,,,,,,,,,,,,
Point_Singularity_Projector,,,,,USC_Orbital_Logistics_Dock,,Argon_Discoverer_Hauler,Point_Singularity_Projector,,Windstalker,,,,,,,,,,,,,,,,,,,,
Plasma_Beam_Cannon,,,,,Terran_Military_Base,Teladi_Chip_Plant,Argon_Discoverer_Vanguard,Plasma_Beam_Cannon,,Banshee,,,,,,,,,,Nacelle_1,,,,,,,,,,
TriBeam_Cannon,,,,,Orbital_Defence_Station_1,Argon_Computer_Plant,Argon_Centaur,TriBeam_Cannon,,Wraith,,,,,,Police_License_Argon,,,,Nacelle_2,,,,,,,,,,
Fusion_Beam_Cannon,,,,,Orbital_Patrol_Base,Boron_Computer_Plant,Argon_Heavy_Centaur,Fusion_Beam_Cannon,,Poltergeist,,,,,,Police_License_2,,,,Gate_Debris,,,,,,,,,,
Mobile_Mining_Drill,,UFJD_Sector_Background_2,,,Orbital_Defence_Station_2,,Argon_Cerberus,Mobile_Mining_Drill,,Spectre,,,,,,Police_License_3,,,,,,,,,,,,,,
Tractor_Beam,,,,,Orbital_Defence_Station_3,,Argon_Minotaur,Tractor_Beam,,Tomahawk_Heavy,,,,,,Police_License_Paranid,,,,,,,,,,,,,,
SPARE_LASER_1,,,,,Earth_Torus,Teladi_Computer_Plant,Argon_Gladiator,SPARE_LASER_1,,,,,,,,Police_License_5,,,,,,,,,,,,,,
SPARE_LASER_2,,,,,Unknown_Aldrin_Base_1,Argon_Mosquito_Missile_Factory,Fighter_Drone_MKII,SPARE_LASER_2,,,,,,,,,,,,,,,,,,,,,,
Alpha_Kyon_Emitter,,,,,Unknown_Aldrin_Base_2,Argon_Wasp_Missile_Factory,Undefined_Hauler_1,Alpha_Kyon_Emitter,,Phantom,,,,,,Best_Buys_Locator,,,,,,,,,,,,,,
Beta_Kyon_Emitter,,,,,Military_Base_2,Argon_Silkworm_Missile_Factory,Undefined_Hauler_2,Beta_Kyon_Emitter,,Shadow,,,,,,Best_Selling_Price_Locator,,,,,,,,,,,,,,
Gamma_Kyon_Emitter,,,,,Orbital_Defence_Station_4,,Undefined_Hauler_3,Gamma_Kyon_Emitter,,Ghoul,,,,,,Transporter_Device,,,,,,,,,,,,,,
Repair_Laser,,,,,Terracorp_HQ,,Undefined_Hauler_4,Repair_Laser,,Boarding_Pod,,,,,,Jumpdrive,,,,,,,,,,,,,,
Fragmentation_Bomb_Launcher_Frag,,,,,OTAS_HQ,,Undefined_Hauler_5,Experimental_Electro_Magnetic_Plasma_Cannon,,,,,,,,,,,,,,,,,,,,,,
Cluster_Flak_Array_Frag,,,,,Jonferco_HQ,,Undefined_Hauler_6,Prototype_Matter_Anti_Matter_Launcher,,,,,,,,,,,,,,,,,,,,,,
Cluster_Flak_Array_Frag_2,,,,,Putarch_HQ,,Small_Orbital_Weapons_Platform,Prototype_Starburst_Shockwave_Cannon,,,,,,,,,,,,Station_Debris_1,,,,,,,,,,
Flak_Frag,,,,,NMMC_HQ,,Medium_Orbital_Weapons_Platform,,,,,,,,,Cargo_Life_Support,,,,,,,,,,,,,,
Experimental_Electro_Magnetic_Plasma_Cannon,,,,,Dukes_Haven,Split_Silkworm_Missile_Factory,Large_Orbital_Weapons_Platform,,,,,,,,,Boost_Extension,,,,Station_Debris_2,,,,,,,,,,
Starburst_Shockwave_Cannon_Frag,,,,,Atreus_HQ,,Split_Elephant,,,,,,,,,Strafe_Drive_Extension,,,,Station_Debris_3,,,,,,,,,,
Prototype_Matter_Anti_Matter_Launcher,,,,,Strong_Arms_HQ,Teladi_Silkworm_Missile_Factory,Split_Caiman,,,,,,,,,Mass_Driver_Ammunition,,,,,,,,,,,,,,
Prototype_Starburst_Shockwave_Cannon,,,,,Xenon_Hub,Paranid_SQUASH_Mine_Factory,Split_Caiman_Tanker,,,,,,,,,,,,,Shipwreck_M2,,,,,,,,,,
Ion_Pulse_Generator_Frag,,,,,Khaak_Hive,Split_SQUASH_Mine_Factory,Split_Caiman_Hauler,,,,,,,,,Camera_Drone,,,,,,,,,,,,,,
,,,,,Saturn_Research_Station,,Split_Caiman_Tanker_XL,,,,,,,,,Advanced_Satelite,,,,Complex_Hub_Connector_1,,,,,,,,,,
,,,,,,Argon_Lasertower_Factory,Split_Caiman_Super_Freighter,,,,,,,,,Spacefly_Collector,,,,Complex_Hub_Connector_Tube,,,,,,,,,,
,,,,,,,Split_Caiman_Super_Freighter_XL,,,,,,,,,Ore_Collector,,,,Complex_Hub_Connector_3,,,,,,,,,,
,,,,,Darkspace_Installation,Split_Lasertower_Factory,Split_Caiman_Miner,,,,,,,,,,,,,,,,,,,,,,,
,,,,,Argon_Secret_Service_Outpost,Argon_Drone_Factory,Split_Iguana,,,,,,,,,,,,,,,,,,,,,,,
,,,,,ATF_Research_Base,,Split_Iquana_Vanguard,,,,,,,,,,,,,,,,,,,,,,,
,,,,,,Split_Drone_Factory,Split_Boa,,,,,,,,,Duplex_Scanner,,,,,,,,,,,,,,
,,,,,,Teladi_Drone_Factory,Split_Raptor,,,,,,,,,Triplex_Scanner,,,,,,,,,,,,,,
,,,,,Paranid_Stock_Exchange,Argon_Satellite_Factory,Split_Python,,,,,,,,,Software_Navigation_1,,,,Shipwreck_M0,,,,,,,,,,
,,,,,Boron_Stock_Exchange,Boron_Satellite_Factory,Split_Mamba,,,,,,,,,Software_Trade_1,,,,,,,,,,,,,,
,,,,,Teladi_Stock_Exchange,Split_Satellite_Factory,Split_Mamba_Raider,,,,,,,,,Software_Trade_2,,,,,,,,,,,,,,
,,,,,,,Split_Mamba_Vanguard,,,,,,,,,Software_Fight_1,,,,Wormhole,,,,,,,,,,
,,,,Kingdom_End_2,,Argon_Advanced_Satellite_Factory,Split_Mamba_Sentinel,,,,,,,,,Software_Fight_2,,,,,,,,,,,,,,
,,,,,Yaki_Stock_Exchange,Paranid_Advanced_Satellite_Factory,Split_Chimera,,,,,,,,,Software_Special_1,,,,,,,,,,,,,,
,,,,,,Split_Advanced_Satellite_Factory,Split_Scorpion,,,,,,,,,,,,,,,,,,,,,,,
,,,,,,Argon_Impulse_Ray_Emitter_Forge,Split_Scorpion_Raider,,,,,,,,,,,,,,,,,,,,,,,
,,,,,Terran_Headquarters,Boron_Impulse_Ray_Emitter_Forge,Split_Scorpion_Vanguard,,,,,,,,,,,,,,,,,,,,,,,
,,,,,,Split_Impulse_Ray_Emitter_Forge,Split_Scorpion_4,,,,,,,,,,,,,,,,,,,,,,,
,,,,,,Teladi_Impulse_Ray_Emitter_Forge,Split_Asp,,,,,,,,,,,,,,,,,,,,,,,
,,,,,,Boron_Light_Weapons_Complex,Split_Jaguar,,,,,,,,,Commodity_Logistics_Software_1,,,,,,,,,,,,,,
,,,,,,,Split_Jaguar_Raider,,,,,,,,,Commodity_Logistics_Software_2,,,,,,,,,,,,,,
,,,,,,Boron_Particle_Acclerator_Cannon_Forge,Split_Jaguar_3,,,,,,,,,,,,,,,,,,,,,,,
,,Saturn_Background,,,,,Split_Jaguar_Vanguard,,,,,,,,,,,,,,,,,,,,,,,
,,,,,,Argon_Particle_Accelerator_Cannon_Forge,Split_Dragon,,,,,,,,,,,,,,,,,,,,,,,
,,UFJD_Sector_Background_3,,The_Moon_Close,,,Split_Heavy_Dragon,,,,,Gate_Debris,,,,,,,,,,,,,,,,,,
,,UFJD_Sector_Background_4,,,,Argon_Light_Weapons_Complex,Split_Tiger,,,,,,,,,,,,,,,,,,,,,,,
,,UFJD_Sector_Background_1,,,,,Split_Cobra,,,,,,,,,,,,,,,,,,,,,,,
,,,,,,Argon_High_Energy_Plasma_Cannon_Forge,Split_Viper,,,,,,,,,,,,,,,,,,,,,,,
,,,,,,Teladi_High_Energy_Plasma_Canon_Forge,Paranid_Hercules,,,,,,,,,,,,,,,,,,,,,,,
,,,,,,,Paranid_Demeter,,,,,,,,,,,,,,,,,,,,,,,
,,,,The_Moon_Far,,,Paranid_Demeter_Tanker,,,,,,,,,,,,,,,,,,,,,,,
,,,,,,,Paranid_Demeter_Hauler,,,,,,,,,,,,,Advertisement_1,,,,,,,,,,
,,,,,,,Paranid_Demeter_4,,,,,,,,,,,,,Advertisement_2,,,,,,,,,,
,,,,,,Argon_Concussion_Impulse_Generator_Forge,Paranid_Demeter_5,,,,,,,,,,,,,Advertisement_3,,,,,,,,,,
,,,,,,,Paranid_Demeter_Super_Freighter_XL,,,,,,,,,Credits,,,,Advertisement_Ring_Solar_Power_Plant,,,,,,,,,,
,,,,,,Boron_Photon_Pulse_Cannon_Forge,Paranid_Hermes,,,,,,,,,Freight_Drone,,,,,,,,,,,,,,
,,,,,,Paranid_Photon_Pulse_Cannon_Forge,Paranid_Hermes_Hauler,,,,,,,,,Software_Supply_1,,,,,,,,,,,,,,
,,,,,,Argon_Photon_Pulse_Cannon_Forge,Paranid_Helios,,,,,,,,,Software_Explore_1,,,,,,,,,,,,,,
,,,,,,Split_Photon_Pulse_Cannon_Forge,Paranid_Zeus,,,,,,,,,Software_Patrol_1,,,,,,,,,,,,,,
,,,,,,,Paranid_Odysseus,,,,,,,,,Software_Carrier_1,,,,,,,,,,,,,,
,,,,,,,Paranid_Perseus,,,,,,,,,,,,,,,,,,,,,,,
,,,,,,Paranid_Fragmentaion_Bomb_Launcher_Forge,Paranid_Perseus_Raider,,,,,,,,,,,,,,,,,,,,,,,
,,,,,,,Paranid_Perseus_Vanguard,,,,,,,,,,,,,,,,,,,,,,,
,,,,Kingdom_End_1,,,Paranid_Perseus_Sentinel,,,,,,,,,,,,,Aldrin_Rock,,,,,,,,,,
,,,,,,Teladi_Flak_Artillery_Array_Forge,Paranid_Medusa,,,,,,,,,,,,,Xenon_Hub_Top,,,,,,,,,,
,,,,,,,Paranid_Pericles,,,,,,,,,,,,,Xenon_Hub_Bottom,,,,,,,,,,
,,,,,,,Paranid_Perecles_2,,,,,,,,,Matter_Anti_matter_Warhead,,,,CPU_Wreck,,,,,,,,,,
,,,,,,,Paranid_Perecles_3,,,,,,,,,Hull_Plating,,,,,,,,,,,,,,
,,,,,,,Paranid_Perecles_4,,,,,,,,,Energy_Bolt_Chaingun_Ammunition,,,,Shipwreck_1,,,,,,,,,,
,,,,,,,Paranid_Theseus,,,,,,,,,Gauss_Cannon_Ammunition,,,,Shipwreck_2,,,,,,,,,,
,,,,,,Argon_Ammunition_Factory,Paranid_Pegasus,,,,,,,,,,,,,Shipwreck_3,,,,,,,,,,
,,,,,,Split_Ammunition_Factory,Paranid_Pegasus_Raider,,,,,,,,,,,,,Shipwreck_4,,,,,,,,,,
,,,,,,Boron_Ion_Disruptor_Forge,Paranid_Pegasus_3,,,,,,,,,,,,,Shipwreck_Yokohama,,,,,,,,,,
,,,,,,Split_Ion_Shard_Railgun_Forge,Paranid_Pegasus_4,,,,,,,,,,,,,Shipwreck_6,,,,,,,,,,
,,,,,,,Paranid_Nemesis,,,,,,,,,,,,,Shipwreck_7,,,,,,,,,,
,,,,,,,Paranid_Heavy_Nemesis,,,,,,,,,,,,,Shipwreck_8,,,,,,,,,,
,,,,,,Split_Medium_Weapons_Complex,Paranid_Diamos,,,,,,,,,Recon_Drone,,,,Shipwreck_9,,,,,,,,,,
,,,,,,,Paranid_Ares,,,,,,,,,Advanced_Firewall,,,,Shipwreck_10,,,,,,,,,,
,,,,,,,Paranid_Hades,,,,,,,,,Internal_Lasers,,,,Torus,,,,,,,,,,
,,,,,,,Boron_Orca,,,,,,,,,Bio_Scanner,,,,,,,,,,,,,,
,,,,,,,Boron_Dolphin,,,,,,,,,Hull_Polerization,,,,Inactive_Gate,,,,,,,,,,
,,,,,,Argon_Cluster_Flak_Array_Forge,Boron_Dolphin_2,,,,,,,,,,,,,Gate_Construction,,,,,,,,,,
,,,,,,,Boron_Dolphin_Hauler,,,,,,,,,,,,,Nvidium_Planetoid,,,,,,,,,,
,,,,,,,Boron_Dolphin_4,,,,,,,,,Cargobay_Shielding,,,,Khaak_Nvidium_Planetoid,,,,,,,,,,
,,,,,,,Boron_Dolphin_5,,,,,,,,,Keris,,,,Shipwreck_11,,,,,,,,,,
,,,,,,Argon_Phased_Repeater_Gun_Forge,Boron_Dolphin_Super_Freighter_XL,,,,,,,,,Fighter_Drone_MK2,,,,Shipwreck_12,,,,,,,,,,
,,,,,,Teladi_Energy_Bolt_Chaingun_Forge,Boron_Angel,,,,,,,,,Unfocused_Jumpdrive,,,,Shipwreck_13,,,,,,,,,,
,,,,,,,Boron_Manta,,,,,,,,,Blueprint_Scanner,,,,Shipwreck_14,,,,,,,,,,
,,,,,,,Boron_Manta_Hauler,,,,,,,,,,,,,Shipwreck_15,,,,,,,,,,
,,,,,,,Boron_Pleco,,,,,,,,,,,,,Shipwreck_16,,,,,,,,,,
,,,,,,Split_Concussion_Impulse_Generator_Forge,Boron_Shark,,,,,,,,,,,,,Shipwreck_17,,,,,,,,,,
,,,,,,Argon_Shield_Production_Facility_1MJ,Boron_Ray,,,,,,,,,,,,,Shipwreck_18,,,,,,,,,,
,,,,,,Teladi_Shield_Production_Facility_1MJ,Boron_Barracuda,,,,,,,,,,,,,Shipwreck_19,,,,,,,,,,
,,,,,,,Boron_Barracuda_Raider,,,,,,,,,,,,,Shipwreck_20,,,,,,,,,,
,,,,,,,Boron_Barracuda_Vanguard,,,,,,,,,,,,,Shipwreck_21,,,,,,,,,,
,,,,,,Argon_Light_Shield_Production_Complex,Boron_Barracuda_Sentinel,,,,,,,,,,,,,Shipwreck_22,,,,,,,,,,
,,,,,,,Boron_Skate,,,,,,,,,,,,,Shipwreck_23,,,,,,,,,,
,,,,,,,Boron_Mako,,,,,,,,,,,,,Shipwreck_24,,,,,,,,,,
,,,,,,Split_Light_Shield_Production_Complex,Boron_Mako_2,,,,,,,,,,,,,Shipwreck_25,,,,,,,,,,
,,,,,,,Boron_Mako_Vanguard,,,,,,,,,,,,,,,,,,,,,,,
,,,,,,,Boron_Mako_4,,,,,,,,,,,,,,,,,,,,,,,
,,,,Kingdom_End_3,,,Boron_Pike,,,,,,,,,,,,,,,,,,,,,,,
,,,,,,Argon_Shield_Production_Facility_200MJ,Boron_Octopus,,,,,,,,,,,,,,,,,,,,,,,
,,,,,,,Boron_Octopus_Raider,,,,,,,,,,,,,,,,,,,,,,,
,,,,,,Argon_Medium_Shield_Production_Complex,Boron_Octopus_3,,,,,,,,,,,,,,,,,,,,,,,
,,,,,,,Boron_Octopus_Sentinel,,,,,,,,,,,,,,,,,,,,,,,
,,,,,,,Boron_Hydra,,,,,,,,,,,,,,,,,,,,,,,
,,,,,,,Boron_Heavy_Hydra,,,,,,,,,,,,,,,,,,,,,,,
,,,,,,,Boron_Thresher,,,,,,,,,,,,,,,,,,,,,,,
,,,,,,,Boron_Kracken,,,,,,,,,,,,,,,,,,,,,,,
,,,,Saturn,,,Boron_Marlin_Hauler,,,,,,,,,,,,,,,,,,,,,,,
,,,,Titan,,Argon_Shield_Production_Facility_2GJ,Teladi_Albatross,,,,,,,,,,,,,,,,,,,,,,,
,,,,Mercury,,Paranid_Shield_Production_Facility_2GJ,Teladi_Vulture,,,,,,,,,,,,,,,,,,,,,,,
,,,,Venus,,,Teladi_Vulture_Tanker,,,,,,,,,,,,,,,,,,,,,,,
,,,,Earth,,,Teladi_Vulture_3,,,,,,,,,,,,,,,,,,,,,,,
,,,,,,,Teladi_Vulture_Miner,,,,,,,,,,,,,,,,,,,,,,,
,,,,Mars,,,Teladi_Vulture_5,,,,,,,,,,,,,,,,,,,,,,,
,,,,Jupiter,,Teladi_Heavy_Shield_Production_Complex,Teladi_Vulture_6,,,,,,,,,,,,,,,,,,,,,,,
,,,,Neptune,,Argon_Wheat_Farm_M,Teladi_Toucan,,,,,,,,,,,,,,,,,,,,,,,
,,,,,,Argon_Wheat_Farm_L,Teladi_Toucan_2,,,,,,,,,,,,,,,,,,,,,,,
,,,,Pluto,,Argon_Cattle_Ranch_M,Teladi_Pelican,,,,,,,,,,,,,,,,,,,,,,,
,,,,The_Hub_Planet,,Argon_Cattle_Ranch_L,Teladi_Condor,,,,,,,,,,,,,,,,,,,,,,,
,,,,Khaak_Home_Planet,,Boron_Plankton_Farm_M,Teladi_Phoenix,,,,,,,,,,,,,,,,,,,,,,,
,,,,Earth_With_Tourus,,Boron_Plankton_Farm_L,Teladi_Falcon,,,,,,,,,,,,,,,,,,,,,,,
,,,,,,Boron_Bio_Gas_Factory_M,Teladi_Falcon_Hauler,,,,,,,,,,,,,,,,,,,,,,,
,,,,,,Boron_Bio_Gas_Factory_L,Teladi_Falcon_Vanguard,,,,,,,,,,,,,,,,,,,,,,,
,,,,,,Split_Scruffin_Farm_M,Teladi_Falcon_4,,,,,,,,,,,,,,,,,,,,,,,
,,,,,,Split_Scruffin_Farm_L,Teladi_Kea,,,,,,,,,,,,,,,,,,,,,,,
,,,,,,Split_Chelt_Space_Aquarium_M,Teladi_Buzzard,,,,,,,,,,,,,,,,,,,,,,,
,,,,,,Split_Chelt_Space_Aquarium_L,Teladi_Buzzard_2,,,,,,,,,,,,,,,,,,,,,,,
,,,,,,Paranid_Soyfarm_M,Teladi_Buzzard_3,,,,,,,,,,,,,,,,,,,,,,,
,,,,,,Paranid_Soyfarm_L,Teladi_Buzzard_4,,,,,,,,,,,,,,,,,,,,,,,
,,,,,,Paranid_Snail_Ranch_M,Teladi_Kite,,,,,,,,,,,,,,,,,,,,,,,
,,,,,,Paranid_Snail_Ranch_L,Teladi_Harrier,,,,,,,,,,,,,,,,,,,,,,,
,,,,,,Teladi_Flower_Farm_M,Teladi_Harrier_Hauler,,,,,,,,,,,,,,,,,,,,,,,
,,,,,,Teladi_Flower_Farm_L,Teladi_Harrier_Vanguard,,,,,,,,,,,,,,,,,,,,,,,
,,,,,,Teladi_Teladianium_Foundry_M,Teladi_Harrier_4,,,,,,,,,,,,,,,,,,,,,,,
,,,,,,Teladi_Teladianium_Foundry_L,Teladi_Kestrel,,,,,,,,,,,,,,,,,,,,,,,
,,,,,,Teladi_Dream_Farm_M,Teladi_Osprey,,,,,,,,,,,,,,,,,,,,,,,
,,,,,,Teladi_Dream_Farm_L,Teladi_Heavy_Osprey,,,,,,,,,,,,,,,,,,,,,,,
,,,,,,Argon_Rimes_Fact_M,Teladi_Shrike,,,,,,,,,,,,,,,,,,,,,,,
,,,,,,Argon_Rimes_Fact_L,Teladi_Gannet,,,,,,,,,,,,,,,,,,,,,,,
,,,,,,Argon_Cahoona_Bakery_M,Teladi_Peregrine,,,,,,,,,,,,,,,,,,,,,,,
,,,,,,Argon_Cahoona_Bakery_L,Xenon_J,,,,,,,,,,,,,,,,,,,,,,,
,,,,,,Argon_Space_Fuel_Distillery_M,Xenon_K,,,,,,,,,,,,,,,,,,,,,,,
,,,,,,Argon_Space_Fuel_Distillery_L,Xenon_L,,,,,,,,,,,,,,,,,,,,,,,
,,,,,,Boron_Stott_Mixery_M,Xenon_LX,,,,,,,,,,,,,,,,,,,,,,,
,,,,,,Boron_Stott_Mixery_L,Xenon_M,,,,,,,,,,,,,,,,,,,,,,,
,,,,,,Boron_Bofu_Chemical_Lab_M,Xenon_N,,,,,,,,,,,,,,,,,,,,,,,
,,,,,,Boron_Bofu_Chemical_Lab_L,Xenon_P,,,,,,,,,,,,,,,,,,,,,,,
,,,,,,Split_Massom_Mill_M,Xenon_PX,,,,,,,,,,,,,,,,,,,,,,,
,,,,,,Split_Massom_Mill_L,Xenon_Q,,,,,,,,,,,,,,,,,,,,,,,
,,,,,,Split_Rastar_Refinery_M,Pirate_Caravel,,,,,,,,,,,,,,,,,,,,,,,
,,,,,,Split_Rastar_Refinery_L,Pirate_Ship,,,,,,,,,,,,,,,,,,,,,,,
,,,,,,Paranid_Space_Jewellery_M,Pirate_Falcon,,,,,,,,,,,,,,,,,,,,,,,
,,,,,,Paranid_Space_Jewellery_L,Pirate_Nova_Raider,,,,,,,,,,,,,,,,,,,,,,,
,,,,,,Paranid_Soyery_M,Pirate_Nova,,,,,,,,,,,,,,,,,,,,,,,
,,,,,,Paranid_Soyery_L,Pirate_Falcon_Vanguard,,,,,,,,,,,,,,,,,,,,,,,
,,,,,,Teladi_Sun_Oil_Refinary_M,Pirate_Eclipse,,,,,,,,,,,,,,,,,,,,,,,
,,,,,,Teladi_Sun_Oil_Refinary_L,Pirate_Kea,,,,,,,,,,,,,,,,,,,,,,,
,,,,,,Teladi_Bliss_Place_M,Pirate_Blastclaw,,,,,,,,,,,,,,,,,,,,,,,
,,,,,,Teladi_Bliss_Place_L,Pirate_Buster,,,,,,,,,,,,,,,,,,,,,,,
,,,,,,Argon_Solar_Power_Plant_M,Pirate_Buzzard,,,,,,,,,,,,,,,,,,,,,,,
,,,,,,Argon_Solar_Power_Plant_L,Pirate_Buster_Hauler,,,,,,,,,,,,,,,,,,,,,,,
,,,,,,Argon_Solar_Power_Plant_XL,Pirate_Buzzard_Vanguard,,,,,,,,,,,,,,,,,,,,,,,
,,,,,,Boron_Solar_Power_Plant_M,Pirate_Scorpion,,,,,,,,,,,,,,,,,,,,,,,
,,,,,,Boron_Solar_Power_Plant_L,Pirate_Elite,,,,,,,,,,,,,,,,,,,,,,,
,,,,,,Boron_Solar_Power_Plant_XL,Pirate_Harrier,,,,,,,,,,,,,,,,,,,,,,,
,,,,,,Paranid_Solar_Power_Plant_M,Pirate_Harrier_Raider,,,,,,,,,,,,,,,,,,,,,,,
,,,,,,Paranid_Solar_Power_Plant_L,Pirate_Harrier_Hauler,,,,,,,,,,,,,,,,,,,,,,,
,,,,,,Paranid_Solar_Power_Plant_XL,Pirate_Harrier_Vanguard,,,,,,,,,,,,,,,,,,,,,,,
,,,,,,Split_Solar_Power_Plant_M,Pirate_Kestrel,,,,,,,,,,,,,,,,,,,,,,,
,,,,,,Split_Solar_Power_Plant_L,Pirate_Centaur,,,,,,,,,,,,,,,,,,,,,,,
,,,,,,Split_Solar_Power_Plant_XL,Pirate_Osprey,,,,,,,,,,,,,,,,,,,,,,,
,,,,,,Teladi_Solar_Power_Plant_M,Pirate_Carrack,,,,,,,,,,,,,,,,,,,,,,,
,,,,,,Teladi_Solar_Power_Plant_L,ATF_Odin,,,,,,,,,,,,,,,,,,,,,,,
,,,,,,Teladi_Solar_Power_Plant_XL,ATF_Tyr,,,,,,,,,,,,,,,,,,,,,,,
,,,,,,Xenon_Solar_Power_Plant,ATF_Thor,,,,,,,,,,,,,,,,,,,,,,,
,,,,,,Argon_Ore_Mine_M,ATF_Fenrir,,,,,,,,,,,,,,,,,,,,,,,
,,,,,,Argon_Ore_Mine_L,ATF_Mjollnir,,,,,,,,,,,,,,,,,,,,,,,
,,,,,,Boron_Ore_Mine_M,ATF_Valkyrie,,,,,,,,,,,,,,,,,,,,,,,
,,,,,,Boron_Ore_Mine_L,ATF_Vidar,,,,,,,,,,,,,,,,,,,,,,,
,,,,,,Paranid_Ore_Mine_M,ATF_Vali,,,,,,,,,,,,,,,,,,,,,,,
,,,,,,Paranid_Ore_Mine_L,ATF_Aegir,,,,,,,,,,,,,,,,,,,,,,,
,,,,,,Split_Ore_Mine_M,ATF_Skirnir,,,,,,,,,,,,,,,,,,,,,,,
,,,,,,Split_Ore_Mine_L,ATF_Woden,,,,,,,,,,,,,,,,,,,,,,,
,,,,,,Teladi_Ore_Mine_M,ATF_Valhalla,,,,,,,,,,,,,,,,,,,,,,,
,,,,,,Teladi_Ore_Mine_L,Terran_Baldric,,,,,,,,,,,,,,,,,,,,,,,
,,,,,,Argon_Silicon_Mine_M,Terran_Scabbard,,,,,,,,,,,,,,,,,,,,,,,
,,,,,,Argon_Silicon_Mine_L,Terran_Tokyo,,,,,,,,,,,,,,,,,,,,,,,
,,,,,,Boron_Silicon_Mine_M,Terran_Osaka,,,,,,,,,,,,,,,,,,,,,,,
,,,,,,Boron_Silicon_Mine_L,Terran_Scimitar,,,,,,,,,,,,,,,,,,,,,,,
,,,,,,Paranid_Silicon_Mine_M,Terran_Cutlass,,,,,,,,,,,,,,,,,,,,,,,
,,,,,,Paranid_Silicon_Mine_L,Terran_Sabre,,,,,,,,,,,,,,,,,,,,,,,
,,,,,,Split_Silicon_Mine_M,Terran_Rapier,,,,,,,,,,,,,,,,,,,,,,,
,,,,,,Split_Silicon_Mine_L,Terran_Keris,,,,,,,,,,,,,,,,,,,,,,,
,,,,,,Teladi_Silicon_Mine_M,Terran_Katana,,,,,,,,,,,,,,,,,,,,,,,
,,,,,,Teladi_Silicon_Mine_L,Terran_Yokohama,,,,,,,,,,,,,,,,,,,,,,,
,,,,,,Argon_Complex_Hub,Terran_Clamore,,,,,,,,,,,,,,,,,,,,,,,
,,,,,,Boron_Complex_Hub,Terran_Spitfyre,,,,,,,,,,,,,,,,,,,,,,,
,,,,,,Paranid_Complex_Hub,Terran_Springblossom,,,,,,,,,,,,,,,,,,,,,,,
,,,,,,Split_Complex_Hub,Terran_Deca,,,,,,,,,,,,,,,,,,,,,,,
,,,,,,Teladi_Complex_Hub,Terran_Deca_Cefa,,,,,,,,,,,,,,,,,,,,,,,
,,,,,,Argon_Complex_Construction_Kit,Yaki_Chokaro,,,,,,,,,,,,,,,,,,,,,,,
,,,,,,Boron_Complex_Construction_Kit,Yaki_Susanowa,,,,,,,,,,,,,,,,,,,,,,,
,,,,,,Paranid_Complex_Construction_Kit,Yaki_Susanowa_Raider,,,,,,,,,,,,,,,,,,,,,,,
,,,,,,Split_Complex_Construction_Kit,Yaki_Susanowa_3,,,,,,,,,,,,,,,,,,,,,,,
,,,,,,Teladi_Complex_Construction_Kit,Yaki_Tenjin,,,,,,,,,,,,,,,,,,,,,,,
,,,,,,Terracorp_Nvidium_Mine,Yaki_Raijin,,,,,,,,,,,,,,,,,,,,,,,
,,,,,,Paranid_Pleasure_Complex,Yaki_Raijin_2,,,,,,,,,,,,,,,,,,,,,,,
,,,,,,,Yaki_Raijin_Raider,,,,,,,,,,,,,,,,,,,,,,,
,,,,,,Split_Spacefly_Farm,Yaki_Tonbo,,,,,,,,,,,,,,,,,,,,,,,
,,,,,,,Yaki_Fujin,,,,,,,,,,,,,,,,,,,,,,,
,,,,,,,Yaki_Fujin_Sentinel,,,,,,,,,,,,,,,,,,,,,,,
,,,,,,Pirate_The_Marauder_Shipyard,Yaki_Fujin_Raider,,,,,,,,,,,,,,,,,,,,,,,
,,,,,,Paranid_Nvidium_Processing_Plant,,,,,,,,,,,,,,,,,,,,,,,,
,,,,,,Paranid_Nvidium_Processing_Plant_Destroyed,Khaak_Carrier,,,,,,,,,,,,,,,,,,,,,,,
,,,,,,,Khaak_Destroyer,,,,,,,,,,,,,,,,,,,,,,,
,,,,,,,Khaak_Fighter,,,,,,,,,,,,,,,,,,,,,,,
,,,,,,,Khaak_Interceptor,,,,,,,,,,,,,,,,,,,,,,,
,,,,,,,Khaak_Scout,,,,,,,,,,,,,,,,,,,,,,,
,,,,,,,Khaak_Corvette,,,,,,,,,,,,,,,,,,,,,,,
,,,,,,,Khaak_Guardian,,,,,,,,,,,,,,,,,,,,,,,
,,,,,,,Khaak_Hive_Queen,,,,,,,,,,,,,,,,,,,,,,,
,,,,,,,Gonor_Ozias,,,,,,,,,,,,,,,,,,,,,,,
,,,,,,,Gonor_Aran,,,,,,,,,,,,,,,,,,,,,,,
,,,,,,,Gonor_Ranger,,,,,,,,,,,,,,,,,,,,,,,
,,,,,,Argon_Seeker_Missile_Production_Complex,OTAS_Boreas,,,,,,,,,,,,,,,,,,,,,,,
,,,,,,Boron_Seeker_Missile_Production_Complex,OTAS_Venti,,,,,,,,,,,,,,,,,,,,,,,
,,,,,,,OTAS_Notus_Hauler,,,,,,,,,,,,,,,,,,,,,,,
,,,,,,,OTAS_Eurus,,,,,,,,,,,,,,,,,,,,,,,
,,,,,,,OTAS_Solano,,,,,,,,,,,,,,,,,,,,,,,
,,,,,,,OTAS_Zephyrus,,,,,,,,,,,,,,,,,,,,,,,
,,,,,,,OTAS_Skiron,,,,,,,,,,,,,,,,,,,,,,,
,,,,,,,OTAS_Astraeus_Hauler,,,,,,,,,,,,,,,,,,,,,,,
,,,,,,,OTAS_Aquilo,,,,,,,,,,,,,,,,,,,,,,,
,,,,,,,OTAS_Auster_Hauler,,,,,,,,,,,,,,,,,,,,,,,
,,,,,,Argon_High_Yield_Production_Complex,OTAS_Sirokos,,,,,,,,,,,,,,,,,,,,,,,
,,,,,,,,,,,,,,,,,,,,,,,,,,,,,,
,,,,,,,,,,,,,,,,,,,,,,,,,,,,,,
,,,,,,,,,,,,,,,,,,,,,,,,,,,,,,
,,,,,,,Khaak_Cluster,,,,,,,,,,,,,,,,,,,,,,,
,,,,,,Argon_Firefly_Missile_Factory,Space_Suit,,,,,,,,,,,,,,,,,,,,,,,
,,,,,,Split_Thunderbolt_Missile_Factory,,,,,,,,,,,,,,,,,,,,,,,,
,,,,,,,,,,,,,,,,,,,,,,,,,,,,,,
,,,,,,,Navigation_Relay_Satellite,,,,,,,,,,,,,,,,,,,,,,,
,,,,,,,SQUASH_Mine,,,,,,,,,,,,,,,,,,,,,,,
,,,,,,,Fighter_Drone,,,,,,,,,,,,,,,,,,,,,,,
,,,,,,,Lazertower,,,,,,,,,,,,,,,,,,,,,,,
,,,,,,,Gonor_UFO,,,,,,,,,,,,,,,,,,,,,,,
,,,,,,Argon_Firestorm_Torpedo_Factory,Spaceflies,,,,,,,,,,,,,,,,,,,,,,,
,,,,,,Paranid_Aurora_Missile_Factory,Starburst,,,,,,,,,,,,,,,,,,,,,,,
,,,,,,,,,,,,,,,,,,,,,,,,,,,,,,
,,,,,,,Advanced_Satellite,,,,,,,,,,,,,,,,,,,,,,,
,,,,,,,,,,,,,,,,,,,,,,,,,,,,,,
,,,,,,,Navigational_Beacon,,,,,,,,,,,,,,,,,,,,,,,
,,,,,,,,,,,,,,,,,,,,,,,,,,,,,,
,,,,,,,,,,,,,,,,,,,,,,,,,,,,,,
,,,,,,,,,,,,,,,,,,,,,,,,,,,,,,
,,,,,,,,,,,,,,,,,,,,,,,,,,,,,,
,,,,,,,,,,,,,,,,,,,,,,,,,,,,,,
,,,,,,,,,,,,,,,,,,,,,,,,,,,,,,
,,,,,,,,,,,,,,,,,,,,,,,,,,,,,,
,,,,,,,,,,,,,,,,,,,,,,,,,,,,,,
,,,,,,,,,,,,,,,,,,,,,,,,,,,,,,
,,,,,,,,,,,,,,,,,,,,,,,,,,,,,,
,,,,,,,,,,,,,,,,,,,,,,,,,,,,,,
,,,,,,,,,,,,,,,,,,,,,,,,,,,,,,
,,,,,,,Argon_Colossus_Hauler,,,,,,,,,,,,,,,,,,,,,,,
,,,,,,,Freight_Drone,,,,,,,,,,,,,,,,,,,,,,,
,,,,,,,Argon_Griffon_Sentinel,,,,,,,,,,,,,,,,,,,,,,,
,,,,,,,Split_Panther,,,,,,,,,,,,,,,,,,,,,,,
,,,,,,,Paranid_Agamemnon,,,,,,,,,,,,,,,,,,,,,,,
,,,,,,,Teladi_Tern_Sentinel,,,,,,,,,,,,,,,,,,,,,,,
,,,,,,,Pirate_Mobile_Pirate_Base_Hauler,,,,,,,,,,,,,,,,,,,,,,,
,,,,,,,Pirate_Galleon,,,,,,,,,,,,,,,,,,,,,,,
,,,,,,,Pirate_Brigantine,,,,,,,,,,,,,,,,,,,,,,,
,,,,,,,Yaki_Shuri,,,,,,,,,,,,,,,,,,,,,,,
,,,,,,Argon_Shipyard_Special,Yaki_Ryu,,,,,,,,,,,,,,,,,,,,,,,
,,,,,,,Yaki_Hoshi,,,,,,,,,,,,,,,,,,,,,,,
,,,,,,Split_Shipyard_Special,Yaki_Akuma,,,,,,,,,,,,,,,,,,,,,,,
,,,,,,,Yaki_Akurei,,,,,,,,,,,,,,,,,,,,,,,
,,,,,,Paranid_Shipyard_Special,Yaki_Kariudo_Hauler,,,,,,,,,,,,,,,,,,,,,,,
,,,,,,,Yaki_Senshi,,,,,,,,,,,,,,,,,,,,,,,
,,,,,,Boron_Shipyard_Special,OTAS_Mistral,,,,,,,,,,,,,,,,,,,,,,,
,,,,,,,OTAS_Mistral_Super_Freighter,,,,,,,,,,,,,,,,,,,,,,,
,,,,,,Teladi_Shipyard_Special,Troop_Training_Ship_Hauler,,,,,,,,,,,,,,,,,,,,,,,
,,,,,,,Civilian_Vessel_Hauler_1,,,,,,,,,,,,,,,,,,,,,,,
,,,,,,,Civilian_Vessel_Hauler_2,,,,,,,,,,,,,,,,,,,,,,,
,,,,,,,Civilian_Vessel_Hauler_3,,,,,,,,,,,,,,,,,,,,,,,
,,,,,,,Starliner_Hauler,,,,,,,,,,,,,,,,,,,,,,,
,,,,,,,Mobile_Repair_Ship,,,,,,,,,,,,,,,,,,,,,,,
,,,,,,,Unknown_Biological_Entity_1,,,,,,,,,,,,,,,,,,,,,,,
,,,,,,,Unknown_Biological_Entity_2,,,,,,,,,,,,,,,,,,,,,,,
,,,,,,,Matter_Anti_Matter_Mine,,,,,,,,,,,,,,,,,,,,,,,
,,,,,,,,,,,,,,,,,,,,,,,,,,,,,,
,,,,,,,Ion_Mine,,,,,,,,,,,,,,,,,,,,,,,
,,,,,,,,,,,,,,,,,,,,,,,,,,,,,,
,,,,,,,,,,,,,,,,,,,,,,,,,,,,,,
,,,,,,,,,,,,,,,,,,,,,,,,,,,,,,
,,,,,,,Pirate_Marauder_Hauler,,,,,,,,,,,,,,,,,,,,,,,
,,,,,,,Terran_Atmospheric_Lifter,,,,,,,,,,,,,,,,,,,,,,,
,,,,,,,Terran_Mobile_Mining_Base_Ship,,,,,,,,,,,,,,,,,,,,,,,
,,,,,,,Paranid_Hyperion,,,,,,,,,,,,,,,,,,,,,,,
,,,,,,,Argon_Eclipse_Prototype,,,,,,,,,,,,,,,,,,,,,,,
,,,,,,,Argon_Nova_Prototype,,,,,,,,,,,,,,,,,,,,,,,
,,,,,,Terran_Shipyard,Argon_Express_Advanced,,,,,,,,,,,,,,,,,,,,,,,
,,,,,,Terran_USC_Food_Supply_Factory_M,Argon_Mercury_Enhanced,,,,,,,,,,,,,,,,,,,,,,,
,,,,,,Terran_USC_Food_Supply_Factory_L,Argon_Mercury_Prototype,,,,,,,,,,,,,,,,,,,,,,,
,,,,,,Terran_Food_Preparation_Facility_M,Argon_Heavy_Centaur_Prototype,,,,,,,,,,,,,,,,,,,,,,,
,,,,,,Terran_Food_Preparation_Facility_L,Argon_Discoverer_Advanced,,,,,,,,,,,,,,,,,,,,,,,
,,,,,,Terran_Ore_Mining_Outpost,Argon_Elite_Enhanced,,,,,,,,,,,,,,,,,,,,,,,
,,,,,,Terran_Water_Purification_Plant_M,,,,,,,,,,,,,,,,,,,,,,,,
,,,,,,Terran_Electo_Magnetic_Plasma_Cannon_Forge,Split_Scorpion_Prototype,,,,,,,,,,,,,,,,,,,,,,,
,,,,,,Terran_Matter_Anti_Matter_Launcher_Forge,,,,,,,,,,,,,,,,,,,,,,,,
,,,,,,Terran_Starburst_Shockwave_Cannon_Forge,Split_Jaguar_Enhanced,,,,,,,,,,,,,,,,,,,,,,,
,,,,,,Terran_Point_Singularity_Projector_Forge,,,,,,,,,,,,,,,,,,,,,,,,
,,,,,,,,,,,,,,,,,,,,,,,,,,,,,,
,,,,,,Terran_Spectre_Missile_Manufacturing_Facility,,,,,,,,,,,,,,,,,,,,,,,,
,,,,,,Terran_Poltergeist_Missile_Fabrication_Facility,,,,,,,,,,,,,,,,,,,,,,,,
,,,,,,,,,,,,,,,,,,,,,,,,,,,,,,
,,,,,,Terran_M_AM Warhead_Production_Fab,,,,,,,,,,,,,,,,,,,,,,,,
,,,,,,Terran_Hull_Plating_Production_Facility,,,,,,,,,,,,,,,,,,,,,,,,
,,,,,,,,,,,,,,,,,,,,,,,,,,,,,,
,,,,,,,,,,,,,,,,,,,,,,,,,,,,,,
,,,,,,,Teladi_Kea_Enhanced,,,,,,,,,,,,,,,,,,,,,,,
,,,,,,,Teladi_Vulture_Prototype,,,,,,,,,,,,,,,,,,,,,,,
,,,,,,Terran_Matter_Anti_Matter_Mine_Fab,,,,,,,,,,,,,,,,,,,,,,,,
,,,,,,,Teladi_Falcon_Prototype,,,,,,,,,,,,,,,,,,,,,,,
,,,,,,,Teladi_Kite_2,,,,,,,,,,,,,,,,,,,,,,,
,,,,,,Terran_Shadow_Missile_Construction_Facility,,,,,,,,,,,,,,,,,,,,,,,,
,,,,,,Terran_Ghoul_Missile_Manufacturing_Plant,,,,,,,,,,,,,,,,,,,,,,,,
,,,,,,Argon_Low_Yield_Sidearms_Fab,,,,,,,,,,,,,,,,,,,,,,,,
,,,,,,Paranid_Low_Yield_Sidearms_Fab,,,,,,,,,,,,,,,,,,,,,,,,
,,,,,,Split_Low_Yield_Sidearms_Fab,Jump_Beacon,,,,,,,,,,,,,,,,,,,,,,,
,,,,,,,Message_Drone,,,,,,,,,,,,,,,,,,,,,,,
,,,,,,,Terran_Deca_Deaf,,,,,,,,,,,,,,,,,,,,,,,
,,,,,,,Terran_Deca_Fade,,,,,,,,,,,,,,,,,,,,,,,
,,,,,,Teladi_Energy_Bolt_Chaingun_Ammunition_Forge,Terran_Freight_Drone_1,,,,,,,,,,,,,,,,,,,,,,,
,,,,,,Teladi_Gauss_Cannon_Ammunition_Forge,Terran_Freight_Drone_2,,,,,,,,,,,,,,,,,,,,,,,
,,,,,,Argon_Tomahawk_Missile_Manufacturing_Plant,Terran_Freight_Drone_3,,,,,,,,,,,,,,,,,,,,,,,
,,,,,,,Small_Orbital_Weapons_Platform_2,,,,,,,,,,,,,,,,,,,,,,,
,,,,,,,Terran_Freight_Drone_4,,,,,,,,,,,,,,,,,,,,,,,
,,,,,,,Terran_Tourus_Lasertower,,,,,,,,,,,,,,,,,,,,,,,
,,,,,,,Terran_Lasertower,,,,,,,,,,,,,,,,,,,,,,,
,,,,,,Argon_Hammer_Heavy_Torpedo_Fabrication_Facility,Terran_Baldric_Miner,,,,,,,,,,,,,,,,,,,,,,,
,,,,,,,Yaki_Chokaro_Advanced,,,,,,,,,,,,,,,,,,,,,,,
,,,,,,,Xperimental_Shuttle,,,,,,,,,,,,,,,,,,,,,,,
,,,,,,,Aamon_Prototype,,,,,,,,,,,,,,,,,,,,,,,
,,,,,,,,,,,,,,,,,,,,,,,,,,,,,,
,,,,,,Argon_Flail_Missile_Production_Facility,Argon_Phantom,,,,,,,,,,,,,,,,,,,,,,,
,,,,,,,,,,,,,,,,,,,,,,,,,,,,,,
,,,,,,,Boron_Megalodon,,,,,,,,,,,,,,,,,,,,,,,
,,,,,,,Split_Drake,,,,,,,,,,,,,,,,,,,,,,,
,,,,,,Teladi_Flail_Missile_Production_Facility,Split_Ocelot,,,,,,,,,,,,,,,,,,,,,,,
,,,,,,,,,,,,,,,,,,,,,,,,,,,,,,
,,,,,,,Teladi_Geochen,,,,,,,,,,,,,,,,,,,,,,,
,,,,,,Pirate_Incendiary_Bomb_Launcher_Forge,Terran_Hayabusa,,,,,,,,,,,,,,,,,,,,,,,
,,,,,,,Terran_Mani,,,,,,,,,,,,,,,,,,,,,,,
,,,,,,Argon_Heavy_Weapons_Complex,Terran_Kyoto,,,,,,,,,,,,,,,,,,,,,,,
,,,,,,Terran_Solar_Power_Plant_M,Terran_Toukon,,,,,,,,,,,,,,,,,,,,,,,
,,,,,,Terran_Solar_Power_Plany_L,Xenon_I,,,,,,,,,,,,,,,,,,,,,,,
,,,,,,Terran_Solar_Power_Plant_XL,,,,,,,,,,,,,,,,,,,,,,,,
,,,,,,,,,,,,,,,,,,,,,,,,,,,,,,
,,,,,,,Argon_Drone_Hauler,,,,,,,,,,,,,,,,,,,,,,,
,,,,,,,Boron_Drone_Hauler,,,,,,,,,,,,,,,,,,,,,,,
,,,,,,,Terran_Drone_Hauler,,,,,,,,,,,,,,,,,,,,,,,
,,,,,,,Paranid_Drone_Hauler,,,,,,,,,,,,,,,,,,,,,,,
,,,,,,,Split_Drone_Hauler,,,,,,,,,,,,,,,,,,,,,,,
,,,,,,,Teladi_Drone_Hauler,,,,,,,,,,,,,,,,,,,,,,,
,,,,,,,Terran_Maccana,,,,,,,,,,,,,,,,,,,,,,,
,,,,,,Terran_Ice_Harvesting_Facility_L,,,,,,,,,,,,,,,,,,,,,,,,
,,,,,,OTAS_Shipyard,Boron_Guppy,,,,,,,,,,,,,,,,,,,,,,,
,,,,,,,,,,,,,,,,,,,,,,,,,,,,,,
,,,,,,Yaki_Shipyard,Teladi_Cormorant,,,,,,,,,,,,,,,,,,,,,,,
,,,,,,,,,,,,,,,,,,,,,,,,,,,,,,
,,,,,,,,,,,,,,,,,,,,,,,,,,,,,,
,,,,,,,Split_Pteranodon,,,,,,,,,,,,,,,,,,,,,,,
,,,,,,,Argon_Lotan,,,,,,,,,,,,,,,,,,,,,,,
,,,,,,,,,,,,,,,,,,,,,,,,,,,,,,
,,,,,,,,,,,,,,,,,,,,,,,,,,,,,,
,,,,,,Argon_Advanced_Drone_Factory,,,,,,,,,,,,,,,,,,,,,,,,
,,,,,,Split_Advanced_Drone_Factory,,,,,,,,,,,,,,,,,,,,,,,,
,,,,,,,,,,,,,,,,,,,,,,,,,,,,,,
,,,,,,,,,,,,,,,,,,,,,,,,,,,,,,
,,,,,,Terran_Solar_Power_Plant_XL,,,,,,,,,,,,,,,,,,,,,,,,
,,,,,,Terran_Ore_Mine_M,,,,,,,,,,,,,,,,,,,,,,,,
,,,,,,,,,,,,,,,,,,,,,,,,,,,,,,
,,,,,,Terran_Silicon_Mine_M,,,,,,,,,,,,,,,,,,,,,,,,
,,,,,,Terran_Silicon_Mine_L,,,,,,,,,,,,,,,,,,,,,,,,
,,,,,,Terran_Protein_Paste_Blending_Facility_M,,,,,,,,,,,,,,,,,,,,,,,,
,,,,,,Terran_Protein_Paste_Blending_Facility_L,,,,,,,,,,,,,,,,,,,,,,,,
,,,,,,Terran_Water_Purification_Plant_M,,,,,,,,,,,,,,,,,,,,,,,,
,,,,,,,,,,,,,,,,,,,,,,,,,,,,,,
,,,,,,,,,,,,,,,,,,,,,,,,,,,,,,
,,,,,,Terran_Crystal_Fab_L,,,,,,,,,,,,,,,,,,,,,,,,
,,,,,,,,,,,,,,,,,,,,,,,,,,,,,,
,,,,,,Terran_USC_Food_Supply_Factory_L,,,,,,,,,,,,,,,,,,,,,,,,
,,,,,,Terran_Carbo_Cake_Factory_M,,,,,,,,,,,,,,,,,,,,,,,,
,,,,,,,,,,,,,,,,,,,,,,,,,,,,,,
,,,,,,Terran_Electo_Magnetic_Plasma_Cannon_Forge,,,,,,,,,,,,,,,,,,,,,,,,
,,,,,,Terran_Matter_Anti_Matter_Launcher_Forge,,,,,,,,,,,,,,,,,,,,,,,,
,,,,,,Terran_Point_Singularity_Projector_Forge,,,,,,,,,,,,,,,,,,,,,,,,Terran_Factory_Wreck
,,,,,,Terran_Starburst_Shockwave_Cannon_Forge,,,,,,,,,,,,,,,,,,,,,,,,
,,,,,,,,,,,,,,,,,,,,,,,,,,,,,,
,,,,,,Terran_Shadow_Missile_Construction_Facility,,,,,,,,,,,,,,,,,,,,,,,,
,,,,,,,,,,,,,,,,,,,,,,,,,,,,,,
,,,,,,Terran_Poltergeist_Missile_Facbrication_Facility,,,,,,,,,,,,,,,,,,,,,,,,
,,,,,,Terran_Wraith_Missile_Production_Plant,,,,,,,,,,,,,,,,,,,,,,,,
,,,,,,Argon_Crystal_Fab_L,,,,,,,,,,,,,,,,,,,,,,,,
,,,,,,Boron_Crystal_Fab_L,,,,,,,,,,,,,,,,,,,,,,,,
,,,,,,Paranid_Crystal_Fab_L,,,,,,,,,,,,,,,,,,,,,,,,
,,,,,,Split_Crystal_Fab_L,,,,,,,,,,,,,,,,,,,,,,,,
,,,,,,Teladi_Crystal_Fab_L,,,,,,,,,,,,,,,,,,,,,,,,
,,,,,,Terran_Complex_Construction_Kit,,,,,,,,,,,,,,,,,,,,,,,,
,,,,,,Complex_Hub,,,,,,,,,,,,,,,,,,,,,,,,
