Impulse_Ray_Emitter,Sector,bluedistance,Red_1,,Argon_Trading_Station,Argon_Shipyard,Argon_Mammoth,Impulse_Ray_Emitter,Shield_1MJ,Mosquito_Missile,Energy_Cells,Debris,Delexian_Wheat,Cloth_Rimes,Ore,Warheads,Rock_Largest,North_Gate,,Kessler_Ring_1,,,,,,,Particle_Effect,Asteroid_1
Particle_Accelerator_Cannon,,bluenexus,Yellow_1,,Split_Trading_Station,Split_Shipyard,Argon_Mercury,Particle_Accelerator_Cannon,Shield_5MJ,Wasp_Missile,,Artefacts,Argnu_Beef,Meatsteak_Cahoonas,Silicon_Wafers,Crystals,Rock_Large,South_Gate,,Kessler_Ring_2,,,,,,,,
Mass_Driver,,bluewell,,,Paranid_Trading_Station,Paranid_Shipyard,Argon_Mercury_Tanker,Mass_Driver,Shield_25MJ,Dragonfly_Missile,,Artificial_Fertilizer,Plankton,Space_Fuel,Nvidium,Quantum_Tubes,Rock_Medium,West_Gate,,,,,,,,,,
Phased_Repeater_Gun,,brennanstriumph,Green_1,,Boron_Trading_Station,Boron_Shipyard,Argon_Mercury_Hauler,Phased_Repeater_Gun,Shield_200MJ,Silkworm_Missile,,Biological_Micro_Organisms,BoGas,Stott_Spices,Ice,Microchips,Rock_Small_1,East_Gate,,,,,,,,,,
Energy_Bolt_Chaingun,,burninghorizon,White_1,,Teladi_Trading_Station,Teladi_Shipyard,Argon_Mercury_Tanker_XL,Energy_Bolt_Chaingun,Shield_1GJ,Hornet_Missile,,Cartography_Chips,Scruffin_Fruits,BoFu,,Computer_Components,Rock_Small_2,Xenon_Gate,,,,,,,,,,Asteroid_2
Fragmentation_Bomb_Launcher,,cyancorner,,,Xenon_Station,Xenon_Shipyard,Argon_Mercury_Super_Freighter,Fragmentation_Bomb_Launcher,Shield_2GJ,Disruptor_Missile,,Construction_Equipment,Chelts_Meat,Massom_Powder,,Spaceflies,,North_TransOrbital_Accelerator,,,,,,,,,,
High_Energy_Plasma_Thrower,,darkhorizon,Red_2,,Argon_Equipment_Dock,Argon_Weapon_Component_Factory,Argon_Mercury_Super_Freighter_XL,High_Energy_Plasma_Thrower,,Sting,,Engine_Components,Soja_Beans,Rastar_Oil,,Slaves,,South_TransOrbital_Accelerator,,,,,,,,,,
Ion_Disruptor,,deepblue,Yellow_2,,Split_Equipment_Dock,Boron_Weapon_Component_Factory,Argon_Express,Ion_Disruptor,,Needle,,Food_Rations,Maja_Snails,Majaglit,,Navigation_Relay_Satellite,,West_TransOrbital_Accelerator,,,,,,,,,,
Pulsed_Beam_Emitter,,deepred,Green_2,,Paranid_Equipment_Dock,Paranid_Weapon_Component_Factory,Argon_Express_Hauler,Pulsed_Beam_Emitter,,Thorn,,Hand_Weapons,Sunrise_Flowers,Soja_Husk,,SQUASH_Mine,,East_TransOrbital_Accelerator,,,,,,,,,,
Plasma_Burst_Generator,,fogblue,,,Boron_Equipment_Dock,Split_Weapon_Component_Factory,Argon_Magnetar,Plasma_Burst_Generator,,Firefly_Missile,,Luxury_Foodstuffs,Teladianium,Nostrop_Oil,,Lasertower,,Hub_North,,,,,,,,,,
Electro_Magnetic_Plasma_Cannon,,fogbluedistance,,,Teladi_Space_Equipment_Dock,Teladi_Weapon_Component_Factory,Argon_Colossus,Electro_Magnetic_Plasma_Cannon,,Thunderbolt_Missile,,Medical_Equipment,Swamp_Plant,Space_Weed,,Fighter_Drone,,Hub_South,,,,,,,,,,
Concussion_Impulse_Generator,,fogcyancorner,,,Xenon_Station,Argon_Crystal_Fab,Argon_Titan,Concussion_Impulse_Generator,,Tempest_Missile,,Mining_Equipment,Protein_Paste,Terran_MRE,,Salvage_Insurance,,Hub_West,,,,,,,,,,
Ion_Pulse_Generator,,fogdeepred,,,Goner_Temple,Boron_Crystal_Fab,Argon_Nova,Ion_Pulse_Generator,,Hurricane_Missile,,Nividium,Vita_Kai,C_Ration,,Mineral_Scanner,,Hub_East,,,,,,,,,,
Ion_Shard_Railgun,,foggreeneye,,,Pirate_Base,Paranid_Crystal_Fab,Argon_Nova_Raider,Ion_Shard_Railgun,,Cyclone_Missile,,Radioactive_Waste,Carbo_Cake,,,Freight_Scanner,,Hub_Up,,,,,,,,,,
Matter/Anti_Matter_Launcher,,foggreenoutlands,,,Kha'ak_Station,Split_Crystal_Fab,Argon_Nova_Vanguard,Matter/Anti_Matter_Launcher,,Tornado_Missile,,Teladianium_Panelling,Flavour_Pack,,,Trading_System_Extension,,Hub_Down,,,,,,,,,,
Flak_Artillery_Array,,fogkhaak,,,Military_Outpost_1,Teladi_Crystal_Fab,Argon_Nova_Sentinel,Flak_Artillery_Array,,Typhoon_Missile,,Weapon_Interface_Chips,Water,,,,,Hub_Inactive_North,,,,,,,,,,
Cluster_Flak_Array,,fogparanid,,,Military_Outpost_2,Argon_Quantum_Tube_Fab,Argon_Eclipse,Cluster_Flak_Array,,Firestorm_Torpedo,,Narcotics,,,,Cargo_Bay_Extension,,Hub_Inactive_South,,,,,,,,,,
Phased_Array_Laser_Cannon,,fogred,,,Military_Outpost_3,Boron_Quantum_Tube_Fab,Argon_Buster,Phased_Array_Laser_Cannon,,Aurora_Missile,,Super_Slave_Chips,,,,Engine_Tuning,,Hub_Inactive_West,,,,,,,,,,
Phased_Shockwave_Generator,,greeneye,,,Military_Outpost_4,Paranid_Quantum_Tube_Fab,Argon_Buster_Raider,Phased_Shockwave_Generator,,Remote_Guided_Warhead,,Spacefly_Eggs,,,,Rudder_Optimisation,,Hub_Inactive_East,,,,,,,,,,
Starburst_Shockwave_Cannon,,greenoutlands,,,Military_Outpost_5,Split_Quantum_Tube_Fab,Argon_Buster_Vanguard,Starburst_Shockwave_Cannon,,Beluga_Missile,,Pirate_Sidearms,,,,Docking_Computer,,Hub_Inactive_Up,,,,,,,,,,
Photon_Pulse_Cannon,,greenspot,,,Headquarters,Teladi_Quantum_Tube_Fab,Argon_Buster_Sentiel,Photon_Pulse_Cannon,,Hammerhead_Missile,,Hackerchips,,,,Motion_Analysis_Relay_System,,Hub_Inactive_Down,,,,,,,,,,
Ion_Cannon,,greenvoid,,,Goner_Temple,Argon_Chip_Plant,Argon_Elite,Ion_Cannon,,Rapier_Missile,,Military_Personnel,,,,,,,,,,,,,,,,
Gauss_Cannon,,midnightblue,,,USC_Orbital_Supply_Base,Boron_Chip_Plant,Argon_Discoverer,Gauss_Cannon,,Firelance_Missile,,Passengers,,,,Video_Enhancement_Goggles,,Terran_Gate,,,,,,,,,,
Incendiary_Bomb_Launcher,,oppositered,,,USC_Orbital_Support_Station,Paranid_Chip_Plant,Argon_Discoverer_Raider,Incendiary_Bomb_Launcher,,Wildfire_Missile,,Very_Important_Passengers,,,,Singularity_Engine_Time_Accelerator,,,,,,,,,,,,
Point_Singularity_Projector,,purpleoutlands,,,USC_Orbital_Logistics_Dock,Split_Chip_Plant,Argon_Discoverer_Hauler,Point_Singularity_Projector,,Windstalker_Missile,,Entertainment_Chips,,,,SETA_Boost_Extension,,,,,,,,,,,,
Plasma_Beam_Cannon,,redborderland,,,Military_Base,Teladi_Chip_Plant,Argon_Discoverer_Vanguard,Plasma_Beam_Cannon,,Banshee_Missile,,,,,,Ecliptic_projector,,,,Nacelle_1,,,,,,,,
Tri_Beam_Cannon,,reddawn,,,Orbital_Defence_Station,Argon_Computer_Plant,Argon_Centaur,Tri_Beam_Cannon,,Wraith_Missile,,Red_Crystal,,,,Argon_Law_Enforcement_License,,,,Nacelle_2,,,,,,,,
Fusion_Beam_Cannon,,redfire,,,Orbital_Patrol_Base,Boron_Computer_Plant,Argon_Heavy_Centaur,Fusion_Beam_Cannon,,Poltergeist_Missile,,Blue_Crystal,,,,Boron_Law_Enforcement_License,,,,,,,,,,,,
Mobile_Drilling_System,,rednexus,,,Orbital_Defence_Station,Paranid_Computer_Plant,Argon_Cerberus,Mobile_Drilling_System,,Spectre_Missile,,Green_Crystal,,,,Split_Police_License,,,,,,,,,,,,
Tractor_Beam,,redreef,,,Orbital_Defence_Station,Split_Computer_Plant,Argon_Minotaur,Tractor_Beam,,Tomahawk_Heavy_Missile,,Yellow_Crystal,,,,Paranid_Police_License,,,,,,,,,,,,
SPARE_LASER_1,,redsplit,,,Earth_Torus,Teladi_Computer_Plant,Argon_Gladiator,SPARE_LASER_1,,Hammer_Heavy_Torpedo,,Transparent_Crystal,,,,Teladi_Company_Security_License,,,,,,,,,,,,
SPARE_LASER_2,,standardblack,,,Unknown_Aldrin_Base_1,Argon_Mosquito_Missile_Factory,Fighter_Drone_MKII,SPARE_LASER_2,,Flail_Barrage_Missile,,Black_Crystal,,,,Data_Storage_Device,,,,,,,,,,,,
Alpha_Kyon_Emitter,,void,,,Unknown_Aldrin_Base_2,Argon_Wasp_Missile_Factory,Undefined_Hauler_1,Alpha_Kyon_Emitter,,Phantom_Missile,,Glowing_Crystal,,,,Best_Buys_Locator,,,,,,,,,,,,
Beta_Kyon_Emitter,,whitenexus,,,Military_Base,Argon_Silkworm_Missile_Factory,Undefined_Hauler_2,Beta_Kyon_Emitter,,Shadow_Missile,,Deuterium,,,,Best_Selling_Price_Locator,,,,,,,,,,,,
Gamma_Kyon_Emitter,,void,,,Orbital_Defence_Station,Boron_Mosquito_Missile_Factory,Undefined_Hauler_3,Gamma_Kyon_Emitter,,Ghoul_Missile,,Fuel,,,,Transporter_Device,,,,Navigational_Beacon,,,,,,,,
Repair_Laser,,xtmgreenmyst,,,Terracorp_HQ,Boron_Dragonfly_Missile_Factory,Undefined_Hauler_4,Repair_Laser,,Boarding_Pod,,Plutonium,,,,Jumpdrive,,,,,,,,,,,,
Fragmentation_Bomb_Launcher_Frag,,xtmbrownyellow,,,OTAS_HQ,Paranid_Wasp_Missile_Factory,Undefined_Hauler_5,Experimental_Electro_Magnetic_Plasma_Cannon,,,,Parcel,,,,,,,,,,,,,,,,
Cluster_Flak_Array_Frag,,xtmredyellowplasma,,,Jonferco_Headquarters,Paranid_Hornet_Missile_Factory,Undefined_Hauler_6,Prototype_Matter/Anti_Matter_Launcher,,,,Small_Parcel,,,,,,,,,,,,,,,,
Cluster_Flak_Array_Frag_2,,xtmredrift,,,Plutarch_Mining_Corporation_HQ,Split_Wasp_Missile_Factory,Small_Orbital_Weapons_Platform,Prototype_Starburst_Shockwave_Cannon,,,,Container,,,,,,,,,,,,,,,,
Flak_Frag,,xtmiceplasma,,,NMMC_Headquarters,Split_Dragonfly_Missile_Factory,Medium_Orbital_Weapons_Platform,,,,,Waste,,,,Cargo_Lifesupport_System,,,,,,,,,,,,
Experimental_Electro_Magnetic_Plasma_Cannon,,xtmblueplasma,,,Duke's_Haven,Split_Silkworm_Missile_Factory,Large_Orbital_Weapons_Platform,,,,,Scrap,,,,Boost_Extension,,,,,,,,,,,,
Starburst_Shockwave_Cannon_Frag,,xtmsaturn,,,Atreus_Headquarters,Teladi_Mosquito_Missile_Factory,Split_Elephant,,,,,Garbage,,,,Strafe_Drive_Extension,,,,,,,,,,,,
Prototype_Matter_Anti_Matter_Launcher,,xtmbluenexusring1,,,Strong_Arms_HQ,Teladi_Silkworm_Missile_Factory,Split_Caiman,,,,,Chemicals,,,,Mass_Driver_Ammunition,,,,,,,,,,,,
Prototype_Starburst_Shockwave_Cannon,,xtmbrownnexusring1,,,Xenon_Hub,Paranid_SQUASH_Mine_Factory,Split_Caiman_Tanker,,,,,Textiles,,,,,,,,,,,,,,,,
Ion_Pulse_Generator_Frag,,xtmtwinrings1,,,Kha'ak_Station,Split_SQUASH_Mine_Factory,Split_Caiman_Hauler,,,,,Pharmaceuticals,,,,Camera_Drone,,,,,,,,,,,,
,,xtmgreenring,,,Saturn_Research_Station,Teladi_SQUASH_Mine_Factory,Split_Caiman_Tanker_XL,,,,,Jewels,,,,Advanced_Satellite,,,,,,,,,,,,
,,xtmpurplesupernova,,,Unknown_Aldrin_Base,Argon_Lasertower_Factory,Split_Caiman_Super_Freighter,,,,,Fish,,,,Spacefly_Collector,,,,,,,,,,,,
,,xtmgreenbluewisp,,,Teladi_Trading_Station,Paranid_Lasertower_Factory,Split_Caiman_Super_Freighter_XL,,,,,Meat,,,,Ore_Collector,,,,,,,,,,,,
,,fogred,,,Dark_Space_Installation,Split_Lasertower_Factory,Split_Caiman_Miner,,,,,Hazardous_Waste,,,,Camouflage_Device,,,,,,,,,,,,
,,fogbluedistance,,,Argon_Secret_Service_Outpost,Argon_Drone_Factory,Split_Iguana,,,,,Shells,,,,,,,,,,,,,,,,
,,foggreenoutlands,,,ATF_Research_Base,Boron_Drone_Factory,Split_Iquana_Vanguard,,,,,Vegetables,,,,,,,,,,,,,,,,
,,foggreeneye,,,,Split_Drone_Factory,Split_Boa,,,,,Fruit,,,,Duplex_Scanner,,,,,,,,,,,,
,,fogdeepred,,,,Teladi_Drone_Factory,Split_Raptor,,,,,Engine_Components,,,,Triplex_Scanner,,,,,,,,,,,,
,,xtmpluto,,,,Argon_Satellite_Factory,Split_Python,,,,,Oil,,,,Navigation_Command_Software_MK1,,,,Xenon_M0_Wreck,,,,,,,,
,,xtmneptune,,,,Boron_Satellite_Factory,Split_Mamba,,,,,Seeds,,,,Trade_Command_Software_MK1,,,,Cryo_Tank,,,,,,,,
,,xtmuranus,,,,Split_Satellite_Factory,Split_Mamba_Raider,,,,,Cleaning_Robots,,,,Trade_Command_Software_MK2,,,,Crate,,,,,,,,
,,xtmjupiter,,,,Teladi_Satellite_Factory,Split_Mamba_Vanguard,,,,,Invalids,,,,Fight_Command_Software_MK1,,,,,,,,,,,,
,,xtmmars,,Kingdom_End_2,,Argon_Advanced_Satellite_Factory,Split_Mamba_Sentinel,,,,,Labour_Kits,,,,Fight_Command_Software_MK2,,,,,,,,,,,,
,,xtmvenus,,,,Paranid_Advanced_Satellite_Factory,Split_Chimera,,,,,Vacuum_Cleaner,,,,Special_Command_Software_MK1,,,,,,,,,,,,
,,xtmmercury,,,,Split_Advanced_Satellite_Factory,Split_Scorpion,,,,,Posters,,,,SS_WARE_SW_NEW1,,,,,,,,,,,,
,,xtmearth,,,,Argon_Impulse_Ray_Emitter_Forge,Split_Scorpion_Raider,,,,,Promotional_Plates,,,,Software_Signature_Scrambler,,,,,,,,,,,,
,,xtmmoon,,,,Boron_Impulse_Ray_Emitter_Forge,Split_Scorpion_Vanguard,,,,,Demonstrators,,,,System_Override_Software,,,,,,,,,,,,
,,orangenexus,,,,Split_Impulse_Ray_Emitter_Forge,Split_Scorpion_4,,,,,Insecticide,,,,SS_WARE_SW_NEW4,,,,,,,,,,,,
,,bluenova,,,,Teladi_Impulse_Ray_Emitter_Forge,Split_Asp,,,,,Escape_Pod,,,,SS_WARE_SW_NEW5,,,,,,,,,,,,
,,supercluster,,,,Boron_Light_Weapons_Complex,Split_Jaguar,,,,,Jumpdrive_Components,,,,Commodity_Logistics_Software_MK1,,,,,,,,,,,,
,,orangenexus,,,,Split_Particle_Accelerator_Cannon_Forge,Split_Jaguar_Raider,,,,,Prisoners,,,,Commodity_Logistics_Software_MK2,,,,,,,,,,,,
,,standardblack,,,,Boron_Particle_Accelerator_Cannon_Forge,Split_Jaguar_3,,,,,Jon_Kayean's,,,,BPH_Upgrade_Kit_Mk1,,,,,,,,,,,,
,,solarsystem,,,,Paranid_Particle_Accelerator_Cannon_Forge,Split_Jaguar_Vanguard,,,,,Terran_High_Tech_Goods,,,,SS_WARE_SW_NEW9,,,,,,,,,,,,
,,fogkhaak,,,,Argon_Particle_Accelerator_Cannon_Forge,Split_Dragon,,,,,,,,,SS_WARE_SW_NEW10,,,,,,,,,,,,
,,oos_v1,,The_Moon_Close,,Paranid_High_Energy_Plasma_Thrower_Forge,Split_Heavy_Dragon,,,,,,,,,SS_WARE_SW_NEW11,,,,,,,,,,,,
,,oos_v2,,,,Argon_Light_Weapons_Complex,Split_Tiger,,,,,,,,,Turbo_Booster_MK1,,,,,,,,,,,,
,,oos_v3,,,,Teladi_Particle_Accelerator_Cannon_Forge,Split_Cobra,,,,,,,,,Trade_Command_Software_MK3,,,,,,,,,,,,
,,oos_v4,,,,Argon_High_Energy_Plasma_Thrower_Forge,Split_Viper,,,,,,,,,System_Override_Software,,,,,,,,,,,,
,,oos_v5,,,,Teladi_High_Energy_Plasma_Thrower_Forge,Paranid_Hercules,,,,,,,,,SS_WARE_SW_NEW15,,,,,,,,,,,,
,,fogdeepred,,,,Paranid_Concussion_Impulse_Generator_Forge,Paranid_Demeter,,,,,,,,,Turbo_Booster_MK2,,,,,,,,,,,,
,,khaakhive,,The_Moon_Far,,Split_High_Energy_Plasma_Thrower_Forge,Paranid_Demeter_Tanker,,,,,,,,,SS_WARE_SW_NEW17,,,,,,,,,,,,
,,uranus,,,,Argon_Medium_Weapons_Complex,Paranid_Demeter_Hauler,,,,,,,,,AEGIS_Weapon_System,,,,,,,,,,,,
,,earth,,,,Paranid_Light_Weapons_Complex,Paranid_Demeter_Miner,,,,,,,,,SS_WARE_SW_NEW19,,,,,,,,,,,,
,,uranus2,,,,Argon_Concussion_Impulse_Generator_Forge,Paranid_Demeter_Super_Freighter,,,,,,,,,SS_WARE_SW_NEW20,,,,,,,,,,,,
,,uranus3,,,,Teladi_Gauss_Cannon_Forge,Paranid_Demeter_Super_Freighter_XL,,,,,,,,,Credits,,,,,,,,,,,,
,,,,,,Boron_Photon_Pulse_Cannon_Forge,Paranid_Hermes,,,,,,,,,Freight_Drone,,,,,,,,,,,,
,,,,,,Paranid_Photon_Pulse_Cannon_Forge,Paranid_Hermes_Hauler,,,,,,,,,Supply_Command_Software,,,,,,,,,,,,
,,,,,,Argon_Photon_Pulse_Cannon_Forge,Paranid_Helios,,,,,,,,,Explorer_Command_Software,,,,,,,,,,,,
,,,,,,Split_Photon_Pulse_Cannon_Forge,Paranid_Zeus,,,,,,,,,Patrol_Command_Software,,,,,,,,,,,,
,,,,,,Paranid_Tri_Beam_Cannon_Forge,Paranid_Odysseus,,,,,,,,,Carrier_Command_Software,,,,,,,,,,,,
,,,,,,Teladi_Photon_Pulse_Cannon_Forge,Paranid_Perseus,,,,,,,,,,,,,,,,,,,,,
,,,,,,Paranid_Fragmentation_Bomb_Launcher_Forge,Paranid_Perseus_Raider,,,,,,,,,SS_WARE_SW_X3TC_2,,,,,,,,,,,,
,,,,,,Teladi_Concussion_Impulse_Generator_Forge,Paranid_Perseus_Vanguard,,,,,,,,,SS_WARE_SW_X3TC_3,,,,,,,,,,,,
,,,,Kingdom_End_1,,Paranid_Phased_Shockwave_Generator_Forge,Paranid_Perseus_Sentinel,,,,,,,,,SS_WARE_SW_X3TC_4,,,,,,,,,,,,
,,,,,,Teladi_Flak_Artillery_Array_Forge,Paranid_Medusa,,,,,,,,,SS_WARE_SW_X3TC_5,,,,,,,,,,,,
,,,,,,Paranid_Heavy_Weapons_Complex,Paranid_Pericles,,,,,,,,,SS_WARE_SW_X3TC_6,,,,,,,,,,,,
,,,,,,Teladi_Heavy_Weapons_Complex,Paranid_Perecles_Raider,,,,,,,,,Matter/Anti_matter_Warhead,,,,,,,,,,,,
,,,,,,,Paranid_Perecles_Vanguard,,,,,,,,,Hull_Plating,,,,,,,,,,,,
,,,,,,Argon_Mass_Driver_Forge,Paranid_Perecles_Sentinel,,,,,,,,,Energy_Bolt_Chaingun_Ammunition,,,,,,,,,,,,
,,,,,,Split_Mass_Driver_Forge,Paranid_Theseus,,,,,,,,,Gauss_Cannon_Ammunition,,,,,,,,,,,,
,,,,,,Argon_Ammunition_Factory,Paranid_Pegasus,,,,,,,,,Low_yield_Sidearms,,,,,,,,,,,,
,,,,,,Split_Ammunition_Factory,Paranid_Pegasus_Raider,,,,,,,,,Disintegrator_Rifles,,,,,,,,,,,,
,,,,,,Boron_Ion_Disruptor_Forge,Paranid_Pegasus_Vanguard,,,,,,,,,Terran_EMP_Rifles,,,,,,,,,,,,
,,,,,,Split_Ion_Shard_Railgun_Forge,Paranid_Pegasus_Sentinel,,,,,,,,,Tracker_Mine,,,,,,,,,,,,
,,,,,,Argon_Special_Weapons_Production_Complex,Paranid_Nemesis,,,,,,,,,Ion_Mine,,,,,,,,,,,,
,,,,,,Boron_Concussion_Impulse_Generator_Forge,Paranid_Heavy_Nemesis,,,,,,,,,Matter/Anti_Matter_Mine,,,,,,,,,,,,
,,,,,,Split_Medium_Weapons_Complex,Paranid_Diamos,,,,,,,,,Recon_Drone,,,,,,,,,,,,
,,,,,,Paranid_Mobile_Drilling_System_Factory,Paranid_Ares,,,,,,,,,Advanced_Firewall_Software,,,,,,,,,,,,
,,,,,,Teladi_Mobile_Drilling_System_Factory,Paranid_Hades,,,,,,,,,Internal_Sentry_Lasers,,,,,,,,,,,,
,,,,,,Boron_Ion_Cannon_Forge,Boron_Orca,,,,,,,,,Bioscanner,,,,,,,,,,,,
,,,,,,Split_Phased_Array_Laser_Cannon_Forge,Boron_Dolphin,,,,,,,,,Hull_Polarising_Device,,,,,,,,,,,,
,,,,,,Argon_Cluster_Flak_Array_Forge,Boron_Dolphin_2,,,,,,,,,Mercenary,,,,Gate_Production_Complex,,,,,,,,
,,,,,,Boron_Heavy_Weapons_Complex,Boron_Dolphin_Hauler,,,,,,,,,Marine,,,,,,,,,,,,
,,,,,,Argon_Plasma_Beam_Cannon_Forge,Boron_Dolphin_4,,,,,,,,,Cargo_Bay_Shielding,,,,,,,,,,,,
,,,,,,Paranid_Heavy_Weapons_Complex,Boron_Dolphin_Super_Freighter,,,,,,,,,Keris,,,,,,,,,,,,
,,,,,,Argon_Phased_Repeater_Gun_Forge,Boron_Dolphin_Super_Freighter_XL,,,,,,,,,Fighter_Drone_MKII,,,,,,,,,,,,
,,,,,,Teladi_Energy_Bolt_Chaingun_Forge,Boron_Angel,,,,,,,,,Unfocussed_Jumpdrive,,,,,,,,,,,,
,,,,,,Boron_Ion_Pulse_Generator_Forge,Boron_Manta,,,,,,,,,Blueprint_Scanner,,,,,,,,,,,,
,,,,,,Split_Pulsed_Beam_Emitter_Forge,Boron_Manta_Hauler,,,,,,,,,,,,,,,,,,,,,
,,,,,,Boron_Medium_Weapons_Complex,Boron_Pleco,,,,,,,,,,,,,,,,,,,,,
,,,,,,Split_Concussion_Impulse_Generator_Forge,Boron_Shark,,,,,,,,,,,,,,,,,,,,,
,,,,,,Argon_Shield_Prod._Facility_1_MJ,Boron_Ray,,,,,,,,,,,,,,,,,,,,,
,,,,,,Teladi_Shield_Prod._Facility_1_MJ,Boron_Barracuda,,,,,,,,,,,,,,,,,,,,,
,,,,,,Paranid_Shield_Prod._Facility_5_MJ,Boron_Barracuda_Raider,,,,,,,,,,,,,,,,,,,,,
,,,,,,Teladi_Shield_Prod._Facility_5_MJ,Boron_Barracuda_Vanguard,,,,,,,,,,,,,,,,,,,,,
,,,,,,Argon_Light_shield_Production_Complex,Boron_Barracuda_Sentinel,,,,,,,,,,,,,,,,,,,,,
,,,,,,Boron_Light_shield_Production_Complex,Boron_Skate,,,,,,,,,,,,,,,,,,,,,
,,,,,,Paranid_Light_shield_Production_Complex,Boron_Mako,,,,,,,,,,,,,,,,,,,,,
,,,,,,Split_Light_shield_Production_Complex,Boron_Mako_2,,,,,,,,,,,,,,,,,,,,,
,,,,,,Teladi_Light_shield_Production_Complex,Boron_Mako_Vanguard,,,,,,,,,,,,,,,,,,,,,
,,,,,,Paranid_Shield_Prod._Facility_25_MJ,Boron_Mako_4,,,,,,,,,,,,,,,,,,,,,
,,,,Kingdom_End_3,,Split_Shield_Prod._Facility_25_MJ,Boron_Pike,,,,,,,,,,,,,,,,,,,,,
,,,,,,Argon_Shield_Prod._Fac._200_MJ,Boron_Octopus,,,,,,,,,,,,,,,,,,,,,
,,,,,,Boron_Shield_Prod._Fac._200_MJ,Boron_Octopus_Raider,,,,,,,,,,,,,,,,,,,,,
,,,,,,Argon_Medium_shield_Production_Complex,Boron_Octopus_3,,,,,,,,,,,,,,,,,,,,,
,,,,,,Boron_Medium_shield_Production_Complex,Boron_Octopus_Sentinel,,,,,,,,,,,,,,,,,,,,,
,,,,,,Paranid_Medium_shield_Production_Complex,Boron_Hydra,,,,,,,,,,,,,,,,,,,,,
,,,,,,Split_Medium_shield_Production_Complex,Boron_Heavy_Hydra,,,,,,,,,,,,,,,,,,,,,
,,,,,,Teladi_Medium_shield_Production_Complex,Boron_Thresher,,,,,,,,,,,,,,,,,,,,,
,,,,,,Boron_Shield_Prod._Facility_1GJ,Boron_Kracken,,,,,,,,,,,,,,,,,,,,,
,,,,Saturn,,Split_Shield_Prod._Facility_1GJ,Boron_Marlin_Hauler,,,,,,,,,,,,,,,,,,,,,
,,,,Titan,,Argon_Shield_Prod._Facility_2_GJ,Teladi_Albatross,,,,,,,,,,,,,,,,,,,,,
,,,,Mercury,,Paranid_Shield_Prod._Facility_2_GJ,Teladi_Vulture,,,,,,,,,,,,,,,,,,,,,
,,,,Venus,,Argon_Heavy_shield_Production_Complex,Teladi_Vulture_Tanker,,,,,,,,,,,,,,,,,,,,,
,,,,Earth,,Boron_Heavy_shield_Production_Complex,Teladi_Vulture_3,,,,,,,,,,,,,,,,,,,,,
,,,,,,Paranid_Heavy_shield_Production_Complex,Teladi_Vulture_Miner,,,,,,,,,,,,,,,,,,,,,
,,,,Mars,,Split_Heavy_shield_Production_Complex,Teladi_Vulture_Super_Freighter,,,,,,,,,,,,,,,,,,,,,
,,,,Jupiter,,Teladi_Heavy_shield_Production_Complex,Teladi_Vulture_Super_Freighter_XL,,,,,,,,,,,,,,,,,,,,,
,,,,Neptune,,Argon_Wheat_Farm,Teladi_Toucan,,,,,,,,,,,,,,,,,,,,,
,,,,,,Argon_Wheat_Farm,Teladi_Toucan_2,,,,,,,,,,,,,,,,,,,,,
,,,,Pluto,,Argon_Cattle_Ranch,Teladi_Pelican,,,,,,,,,,,,,,,,,,,,,
,,,,The_Hub_Planet,,Argon_Cattle_Ranch,Teladi_Condor,,,,,,,,,,,,,,,,,,,,,
,,,,Khaak_Home_Planet,,Boron_Plankton_Farm,Teladi_Phoenix,,,,,,,,,,,,,,,,,,,,,
,,,,Earth_With_Tourus,,Boron_Plankton_Farm,Teladi_Falcon,,,,,,,,,,,,,,,,,,,,,
,,,,,,Boron_Bio_Gas_Factory,Teladi_Falcon_Hauler,,,,,,,,,,,,,,,,,,,,,
,,,,,,Boron_Bio_Gas_Factory,Teladi_Falcon_Vanguard,,,,,,,,,,,,,,,,,,,,,
,,,,,,Split_Scruffin_Farm,Teladi_Falcon_Sentinel,,,,,,,,,,,,,,,,,,,,,
,,,,,,Split_Scruffin_Farm,Teladi_Kea,,,,,,,,,,,,,,,,,,,,,
,,,,,,Split_Chelt_Space_Aquarium,Teladi_Buzzard,,,,,,,,,,,,,,,,,,,,,
,,,,,,Split_Chelt_Space_Aquarium,Teladi_Buzzard_Hauler,,,,,,,,,,,,,,,,,,,,,
,,,,,,Paranid_Soyfarm,Teladi_Buzzard_Vanguard,,,,,,,,,,,,,,,,,,,,,
,,,,,,Paranid_Soyfarm,Teladi_Buzzard_Sentinel,,,,,,,,,,,,,,,,,,,,,
,,,,,,Paranid_Snail_Ranch,Teladi_Kite,,,,,,,,,,,,,,,,,,,,,
,,,,,,Paranid_Snail_Ranch,Teladi_Harrier,,,,,,,,,,,,,,,,,,,,,
,,,,,,Teladi_Flower_Farm,Teladi_Harrier_Hauler,,,,,,,,,,,,,,,,,,,,,
,,,,,,Teladi_Flower_Farm,Teladi_Harrier_Vanguard,,,,,,,,,,,,,,,,,,,,,
,,,,,,Teladi_Teladianium_Foundry,Teladi_Harrier_Sentinel,,,,,,,,,,,,,,,,,,,,,
,,,,,,Teladi_Teladianium_Foundry,Teladi_Kestrel,,,,,,,,,,,,,,,,,,,,,
,,,,,,Teladi_Dream_Farm,Teladi_Osprey,,,,,,,,,,,,,,,,,,,,,
,,,,,,Teladi_Dream_Farm,Teladi_Heavy_Osprey,,,,,,,,,,,,,,,,,,,,,
,,,,,,Argon_Rimes_Fact,Teladi_Shrike,,,,,,,,,,,,,,,,,,,,,
,,,,,,Argon_Rimes_Fact,Teladi_Gannet,,,,,,,,,,,,,,,,,,,,,
,,,,,,Argon_Cahoona_Bakery,Teladi_Peregrine,,,,,,,,,,,,,,,,,,,,,
,,,,,,Argon_Cahoona_Bakery,Xenon_J,,,,,,,,,,,,,,,,,,,,,
,,,,,,Argon_Space_Fuel_Distillery,Xenon_K,,,,,,,,,,,,,,,,,,,,,
,,,,,,Argon_Space_Fuel_Distillery,Xenon_L,,,,,,,,,,,,,,,,,,,,,
,,,,,,Boron_Stott_Mixery,Xenon_LX,,,,,,,,,,,,,,,,,,,,,
,,,,,,Boron_Stott_Mixery,Xenon_M,,,,,,,,,,,,,,,,,,,,,
,,,,,,Boron_BoFu_Chemical_Lab,Xenon_N,,,,,,,,,,,,,,,,,,,,,
,,,,,,Boron_BoFu_Chemical_Lab,Xenon_P,,,,,,,,,,,,,,,,,,,,,
,,,,,,Split_Massom_Mill,Xenon_PX,,,,,,,,,,,,,,,,,,,,,
,,,,,,Split_Massom_Mill,Xenon_Q,,,,,,,,,,,,,,,,,,,,,
,,,,,,Split_Rastar_Refinery,Pirate_Caravel,,,,,,,,,,,,,,,,,,,,,
,,,,,,Split_Rastar_Refinery,Pirate_Ship,,,,,,,,,,,,,,,,,,,,,
,,,,,,Paranid_Space_Jewellery,Pirate_Falcon,,,,,,,,,,,,,,,,,,,,,
,,,,,,Paranid_Space_Jewellery,Pirate_Nova_Raider,,,,,,,,,,,,,,,,,,,,,
,,,,,,Paranid_Soyery,Pirate_Nova,,,,,,,,,,,,,,,,,,,,,
,,,,,,Paranid_Soyery,Pirate_Falcon_Vanguard,,,,,,,,,,,,,,,,,,,,,
,,,,,,Teladi_Sun_Oil_Refinery,Pirate_Eclipse,,,,,,,,,,,,,,,,,,,,,
,,,,,,Teladi_Sun_Oil_Refinery,Pirate_Kea,,,,,,,,,,,,,,,,,,,,,
,,,,,,Teladi_Bliss_Place,Pirate_Blastclaw,,,,,,,,,,,,,,,,,,,,,
,,,,,,Teladi_Bliss_Place,Pirate_Buster,,,,,,,,,,,,,,,,,,,,,
,,,,,,Argon_Solar_Power_Plant,Pirate_Buzzard,,,,,,,,,,,,,,,,,,,,,
,,,,,,Argon_Solar_Power_Plant,Pirate_Buster_Hauler,,,,,,,,,,,,,,,,,,,,,
,,,,,,Argon_Solar_Power_Plant,Pirate_Buzzard_Vanguard,,,,,,,,,,,,,,,,,,,,,
,,,,,,Boron_Solar_Power_Plant,Pirate_Scorpion,,,,,,,,,,,,,,,,,,,,,
,,,,,,Boron_Solar_Power_Plant,Pirate_Elite,,,,,,,,,,,,,,,,,,,,,
,,,,,,Boron_Solar_Power_Plant,Pirate_Harrier,,,,,,,,,,,,,,,,,,,,,
,,,,,,Paranid_Solar_Power_Plant,Pirate_Harrier_Raider,,,,,,,,,,,,,,,,,,,,,
,,,,,,Paranid_Solar_Power_Plant,Pirate_Harrier_Hauler,,,,,,,,,,,,,,,,,,,,,
,,,,,,Paranid_Solar_Power_Plant,Pirate_Harrier_Vanguard,,,,,,,,,,,,,,,,,,,,,
,,,,,,Split_Solar_Power_Plant,Pirate_Kestrel,,,,,,,,,,,,,,,,,,,,,
,,,,,,Split_Solar_Power_Plant,Pirate_Centaur,,,,,,,,,,,,,,,,,,,,,
,,,,,,Split_Solar_Power_Plant,Pirate_Osprey,,,,,,,,,,,,,,,,,,,,,
,,,,,,Teladi_Solar_Power_Plant,Pirate_Carrack,,,,,,,,,,,,,,,,,,,,,
,,,,,,Teladi_Solar_Power_Plant,ATF_Odin,,,,,,,,,,,,,,,,,,,,,
,,,,,,Teladi_Solar_Power_Plant,ATF_Tyr,,,,,,,,,,,,,,,,,,,,,
,,,,,,Xenon_Solar_Power_Plant,ATF_Thor,,,,,,,,,,,,,,,,,,,,,
,,,,,,Argon_Ore_Mine,ATF_Fenrir,,,,,,,,,,,,,,,,,,,,,
,,,,,,Argon_Ore_Mine,ATF_Mjollnir,,,,,,,,,,,,,,,,,,,,,
,,,,,,Boron_Ore_Mine,ATF_Valkyrie,,,,,,,,,,,,,,,,,,,,,
,,,,,,Boron_Ore_Mine,ATF_Vidar,,,,,,,,,,,,,,,,,,,,,
,,,,,,Paranid_Ore_Mine,ATF_Vali,,,,,,,,,,,,,,,,,,,,,
,,,,,,Paranid_Ore_Mine,ATF_Aegir,,,,,,,,,,,,,,,,,,,,,
,,,,,,Split_Ore_Mine,ATF_Skirnir,,,,,,,,,,,,,,,,,,,,,
,,,,,,Split_Ore_Mine,ATF_Woden,,,,,,,,,,,,,,,,,,,,,
,,,,,,Teladi_Ore_Mine,ATF_Valhalla,,,,,,,,,,,,,,,,,,,,,
,,,,,,Teladi_Ore_Mine,Terran_Baldric,,,,,,,,,,,,,,,,,,,,,
,,,,,,Argon_Silicon_Mine,Terran_Scabbard,,,,,,,,,,,,,,,,,,,,,
,,,,,,Argon_Silicon_Mine,Terran_Tokyo,,,,,,,,,,,,,,,,,,,,,
,,,,,,Boron_Silicon_Mine,Terran_Osaka,,,,,,,,,,,,,,,,,,,,,
,,,,,,Boron_Silicon_Mine,Terran_Scimitar,,,,,,,,,,,,,,,,,,,,,
,,,,,,Paranid_Silicon_Mine,Terran_Cutlass,,,,,,,,,,,,,,,,,,,,,
,,,,,,Paranid_Silicon_Mine,Terran_Sabre,,,,,,,,,,,,,,,,,,,,,
,,,,,,Split_Silicon_Mine,Terran_Rapier,,,,,,,,,,,,,,,,,,,,,
,,,,,,Split_Silicon_Mine,Terran_Keris,,,,,,,,,,,,,,,,,,,,,
,,,,,,Teladi_Silicon_Mine,Terran_Katana,,,,,,,,,,,,,,,,,,,,,
,,,,,,Teladi_Silicon_Mine,Terran_Yokohama,,,,,,,,,,,,,,,,,,,,,
,,,,,,Argon_Complex_Hub,Terran_Clamore,,,,,,,,,,,,,,,,,,,,,
,,,,,,Boron_Complex_Hub,Terran_Spitfyre,,,,,,,,,,,,,,,,,,,,,
,,,,,,Paranid_Complex_Hub,Terran_Springblossom,,,,,,,,,,,,,,,,,,,,,
,,,,,,Split_Complex_Hub,Terran_Deca,,,,,,,,,,,,,,,,,,,,,
,,,,,,Teladi_Complex_Hub,Terran_Deca_Cefa,,,,,,,,,,,,,,,,,,,,,
,,,,,,Argon_Complex_Construction_Kit,Yaki_Chokaro,,,,,,,,,,,,,,,,,,,,,
,,,,,,Boron_Complex_Construction_Kit,Yaki_Susanowa,,,,,,,,,,,,,,,,,,,,,
,,,,,,Paranid_Complex_Construction_Kit,Yaki_Susanowa_Raider,,,,,,,,,,,,,,,,,,,,,
,,,,,,Split_Complex_Construction_Kit,Yaki_Susanowa_3,,,,,,,,,,,,,,,,,,,,,
,,,,,,Teladi_Complex_Construction_Kit,Yaki_Tenjin,,,,,,,,,,,,,,,,,,,,,
,,,,,,11_Terracorp_Nividium_Mine,Yaki_Raijin,,,,,,,,,,,,,,,,,,,,,
,,,,,,Paranid_Pleasure_Complex,Yaki_Raijin_2,,,,,,,,,,,,,,,,,,,,,
,,,,,,Unowned_Disruptor_Missile_Fab,Yaki_Raijin_Raider,,,,,,,,,,,,,,,,,,,,,
,,,,,,Split_Spacefly_Farm,Yaki_Tonbo,,,,,,,,,,,,,,,,,,,,,
,,,,,,Paranid_Paranid_Crystal_Splitter_Fab,Yaki_Fujin,,,,,,,,,,,,,,,,,,,,,
,,,,,,,Yaki_Fujin_Sentinel,,,,,,,,,,,,,,,,,,,,,
,,,,,,Pirate_The_Marauder,Yaki_Fujin_Raider,,,,,,,,,,,,,,,,,,,,,
,,,,,,Paranid_Paranid_Nividium_Processing_Plant,Yaki_Washi_Hauler,,,,,,,,,,,,,,,,,,,,,
,,,,,,Paranid_Paranid_Nividium_Processing_Plant___destroyed,Khaak_Carrier,,,,,,,,,,,,,,,,,,,,,
,,,,,,Argon_Dumbfire_Missile_Production_Complex,Khaak_Destroyer,,,,,,,,,,,,,,,,,,,,,
,,,,,,Boron_Dumbfire_Missile_Production_Complex,Khaak_Fighter,,,,,,,,,,,,,,,,,,,,,
,,,,,,Paranid_Dumbfire_Missile_Production_Complex,Khaak_Interceptor,,,,,,,,,,,,,,,,,,,,,
,,,,,,Split_Dumbfire_Missile_Production_Complex,Khaak_Scout,,,,,,,,,,,,,,,,,,,,,
,,,,,,Teladi_Dumbfire_Missile_Production_Complex,Khaak_Corvette,,,,,,,,,,,,,,,,,,,,,
,,,,,,Argon_Swarm_Missile_Production_Complex,Khaak_Guardian,,,,,,,,,,,,,,,,,,,,,
,,,,,,Boron_Swarm_Missile_Production_Complex,Khaak_Hive_Queen,,,,,,,,,,,,,,,,,,,,,
,,,,,,Paranid_Swarm_Missile_Production_Complex,Gonor_Ozias,,,,,,,,,,,,,,,,,,,,,
,,,,,,Split_Swarm_Missile_Production_Complex,Gonor_Aran,,,,,,,,,,,,,,,,,,,,,
,,,,,,Teladi_Swarm_Missile_Production_Complex,Gonor_Ranger,,,,,,,,,,,,,,,,,,,,,
,,,,,,Argon_Seeker_Missile_Production_Complex,OTAS_Boreas,,,,,,,,,,,,,,,,,,,,,
,,,,,,Boron_Seeker_Missile_Production_Complex,OTAS_Venti,,,,,,,,,,,,,,,,,,,,,
,,,,,,Paranid_Seeker_Missile_Production_Complex,OTAS_Notus_Hauler,,,,,,,,,,,,,,,,,,,,,
,,,,,,Split_Seeker_Missile_Production_Complex,OTAS_Eurus,,,,,,,,,,,,,,,,,,,,,
,,,,,,Teladi_Seeker_Missile_Production_Complex,OTAS_Solano,,,,,,,,,,,,,,,,,,,,,
,,,,,,Argon_Image_Recognition_Production_Complex,OTAS_Zephyrus,,,,,,,,,,,,,,,,,,,,,
,,,,,,Boron_Image_Recognition_Production_Complex,OTAS_Skiron,,,,,,,,,,,,,,,,,,,,,
,,,,,,Paranid_Image_Recognition_Production_Complex,OTAS_Astraeus_Hauler,,,,,,,,,,,,,,,,,,,,,
,,,,,,Split_Image_Recognition_Production_Complex,OTAS_Aquilo,,,,,,,,,,,,,,,,,,,,,
,,,,,,Teladi_Image_Recognition_Production_Complex,OTAS_Auster_Hauler,,,,,,,,,,,,,,,,,,,,,
,,,,,,Argon_High_Yield_Production_Complex,OTAS_Sirokos,,,,,,,,,,,,,,,,,,,,,
,,,,,,Boron_High_Yield_Production_Complex,,,,,,,,,,,,,,,,,,,,,,
,,,,,,Paranid_High_Yield_Production_Complex,,,,,,,,,,,,,,,,,,,,,,
,,,,,,Split_High_Yield_Production_Complex,,,,,,,,,,,,,,,,,,,,,,
,,,,,,Teladi_High_Yield_Production_Complex,Khaak_Cluster,,,,,,,,,,,,,,,,,,,,,
,,,,,,Argon_Firefly_Missile_Factory,Space_Suit,,,,,,,,,,,,,,,,,,,,,
,,,,,,Split_Thunderbolt_Missile_Factory,,,,,,,,,,,,,,,,,,,,,,
,,,,,,Boron_Tempest_Missile_Factory,,,,,,,,,,,,,,,,,,,,,,
,,,,,,Paranid_Hurricane_Missile_Factory,Navigation_Relay_Satellite,,,,,,,,,,,,,,,,,,,,,
,,,,,,Teladi_Cyclone_Missile_Factory,SQUASH_Mine,,,,,,,,,,,,,,,,,,,,,
,,,,,,Boron_Cyclone_Missile_Factory,Fighter_Drone,,,,,,,,,,,,,,,,,,,,,
,,,,,,Split_Tornado_Missile_Factory,Lazertower,,,,,,,,,,,,,,,,,,,,,
,,,,,,Teladi_Typhoon_Missile_Factory,Gonor_UFO,,,,,,,,,,,,,,,,,,,,,
,,,,,,Argon_Firestorm_Torpedo_Factory,Spaceflies,,,,,,,,,,,,,,,,,,,,,
,,,,,,Paranid_Aurora_Missile_Factory,Starburst,,,,,,,,,,,,,,,,,,,,,
,,,,,,Argon_Ore_Mine,,,,,,,,,,,,,,,,,,,,,,
,,,,,,Argon_Ore_Mine,Advanced_Satellite,,,,,,,,,,,,,,,,,,,,,
,,,,,,Boron_Ore_Mine,,,,,,,,,,,,,,,,,,,,,,
,,,,,,Boron_Ore_Mine,Navigational_Beacon,,,,,,,,,,,,,,,,,,,,,
,,,,,,Paranid_Ore_Mine,,,,,,,,,,,,,,,,,,,,,,
,,,,,,Paranid_Ore_Mine,,,,,,,,,,,,,,,,,,,,,,
,,,,,,Split_Ore_Mine,,,,,,,,,,,,,,,,,,,,,,
,,,,,,Split_Ore_Mine,,,,,,,,,,,,,,,,,,,,,,
,,,,,,Teladi_Ore_Mine,,,,,,,,,,,,,,,,,,,,,,
,,,,,,Teladi_Ore_Mine,,,,,,,,,,,,,,,,,,,,,,
,,,,,,Argon_Silicon_Mine,,,,,,,,,,,,,,,,,,,,,,
,,,,,,Argon_Silicon_Mine,,,,,,,,,,,,,,,,,,,,,,
,,,,,,Boron_Silicon_Mine,Argon_Truelight_Seeker,,,,,,,,,,,,,,,,,,,,,
,,,,,,Boron_Silicon_Mine,,,,,,,,,,,,,,,,,,,,,,
,,,,,,Paranid_Silicon_Mine,,,,,,,,,,,,,,,,,,,,,,
,,,,,,Paranid_Silicon_Mine,,,,,,,,,,,,,,,,,,,,,,
,,,,,,Split_Silicon_Mine,Argon_Colossus_Hauler,,,,,,,,,,,,,,,,,,,,,
,,,,,,Split_Silicon_Mine,Freight_Drone,,,,,,,,,,,,,,,,,,,,,
,,,,,,Teladi_Silicon_Mine,Argon_Griffon_Sentinel,,,,,,,,,,,,,,,,,,,,,
,,,,,,Teladi_Silicon_Mine,Split_Panther,,,,,,,,,,,,,,,,,,,,,
,,,,,,,Paranid_Agamemnon,,,,,,,,,,,,,,,,,,,,,
,,,,,,Paranid_Paranid_Crystal_Splitter_Fab,Teladi_Tern_Sentinel,,,,,,,,,,,,,,,,,,,,,
,,,,,,Split_Tractor_Beam_Factory,Pirate_Mobile_Pirate_Base_Hauler,,,,,,,,,,,,,,,,,,,,,
,,,,,,Paranid_Tractor_Beam_Factory,Pirate_Galleon,,,,,,,,,,,,,,,,,,,,,
,,,,,,,Pirate_Brigantine,,,,,,,,,,,,,,,,,,,,,
,,,,,,,Yaki_Shuri,,,,,,,,,,,,,,,,,,,,,
,,,,,,Argon_Federal_Argon_Shipyard,Yaki_Ryu,,,,,,,,,,,,,,,,,,,,,
,,,,,,,Yaki_Hoshi,,,,,,,,,,,,,,,,,,,,,
,,,,,,Split_Split_Shipyard,Yaki_Akuma,,,,,,,,,,,,,,,,,,,,,
,,,,,,,Yaki_Akurei,,,,,,,,,,,,,,,,,,,,,
,,,,,,Paranid_Paranid_Shipyard,Yaki_Kariudo_Hauler,,,,,,,,,,,,,,,,,,,,,
,,,,,,,Yaki_Senshi,,,,,,,,,,,,,,,,,,,,,
,,,,,,Boron_Royal_Boron_Shipyard,OTAS_Mistral,,,,,,,,,,,,,,,,,,,,,
,,,,,,,OTAS_Mistral_Super_Freighter,,,,,,,,,,,,,,,,,,,,,
,,,,,,Teladi_Teladi_Shipyard,Troop_Training_Ship_Hauler,,,,,,,,,,,,,,,,,,,,,
,,,,,,,Argon_Vessel_Hauler_1,,,,,,,,,,,,,,,,,,,,,
,,,,,,,Argon_Vessel_Hauler_2,,,,,,,,,,,,,,,,,,,,,
,,,,,,,Argon_Vessel_Hauler_3,,,,,,,,,,,,,,,,,,,,,
,,,,,,,Argon_Starliner_Hauler,,,,,,,,,,,,,,,,,,,,,
,,,,,,,Gonor_Mobile_Repair_Ship,,,,,,,,,,,,,,,,,,,,,
,,,,,,,Unknown_Biological_Entity_1,,,,,,,,,,,,,,,,,,,,,
,,,,,,,Unknown_Biological_Entity_2,,,,,,,,,,,,,,,,,,,,,
,,,,,,,ATF_Matter/Anti_Matter_Mine,,,,,,,,,,,,,,,,,,,,,
,,,,,,,Argon_Tracker_Mine,,,,,,,,,,,,,,,,,,,,,
,,,,,,,Argon_Ion_Mine,,,,,,,,,,,,,,,,,,,,,
,,,,,,,,,,,,,,,,,,,,,,,,,,,,
,,,,,,,,,,,,,,,,,,,,,,,,,,,,
,,,,,,,Argon_Recon_Drone,,,,,,,,,,,,,,,,,,,,,
,,,,,,,Pirate_Marauder,,,,,,,,,,,,,,,,,,,,,
,,,,,,,Terran_Atmospheric_Lifter,,,,,,,,,,,,,,,,,,,,,
,,,,,,,Terran_Mobile_Mining_Base_Ship,,,,,,,,,,,,,,,,,,,,,
,,,,,,,Paranid_Hyperion,,,,,,,,,,,,,,,,,,,,,
,,,,,,,Argon_Eclipse_Prototype,,,,,,,,,,,,,,,,,,,,,
,,,,,,,Argon_Nova_Prototype,,,,,,,,,,,,,,,,,,,,,
,,,,,,Terran_Shipyard,Argon_Advanced_Express,,,,,,,,,,,,,,,,,,,,,
,,,,,,Terran_USC_Food_Supply_Factory,Argon_Enhanced_Mercury,,,,,,,,,,,,,,,,,,,,,
,,,,,,Terran_USC_Food_Supply_Factory,Argon_Mercury_Prototype,,,,,,,,,,,,,,,,,,,,,
,,,,,,Terran_Food_Preparation_Facility,Argon_Heavy_Centaur_Prototype,,,,,,,,,,,,,,,,,,,,,
,,,,,,Terran_Food_Preparation_Facility,Argon_Advanced_Discoverer,,,,,,,,,,,,,,,,,,,,,
,,,,,,Terran_Mining_Outpost,Argon_Enhanced_Elite,,,,,,,,,,,,,,,,,,,,,
,,,,,,Terran_Water_Purification_Plant,Split_Advanced_Mamba,,,,,,,,,,,,,,,,,,,,,
,,,,,,Terran_EMPC_Forge,Split_Scorpion_Prototype,,,,,,,,,,,,,,,,,,,,,
,,,,,,Terran_Matter/Anti_Matter_Launcher_Forge,Split_Enhanced_Chimera,,,,,,,,,,,,,,,,,,,,,
,,,,,,Terran_Starburst_Shockwave_Cannon_Forge,Split_Enhanced_Jaguar,,,,,,,,,,,,,,,,,,,,,
,,,,,,Terran_Point_Singularity_Projector_Forge,Paranid_Medusa_Prototype,,,,,,,,,,,,,,,,,,,,,
,,,,,,Terran_Fusion_Beam_Cannon_Forge,Paranid_Demeter_Prototype,,,,,,,,,,,,,,,,,,,,,
,,,,,,Terran_Spectre_Missile_Manufacturing_Facility,Paranid_Advanced_Perseus,,,,,,,,,,,,,,,,,,,,,
,,,,,,Terran_Poltergeist_Missile_Fabrication_Facility,Paranid_Enhanced_Pericles,,,,,,,,,,,,,,,,,,,,,
,,,,,,Terran_Wraith_Missile_Production_Plant,Boron_Skate_Prototype,,,,,,,,,,,,,,,,,,,,,
,,,,,,Terran_M/A_M_Warhead_Production_Fab,Boron_Enhanced_Dolphin,,,,,,,,,,,,,,,,,,,,,
,,,,,,Terran_Hull_Plating_Production_Facility,Boron_Advanced_Barracuda,,,,,,,,,,,,,,,,,,,,,
,,,,,,Pirate_Rehabilitation_Facility,Boron_Enhanced_Mako,,,,,,,,,,,,,,,,,,,,,
,,,,,,Argon_Marine_Training_Barracks,Boron_Barracuda_Prototype,,,,,,,,,,,,,,,,,,,,,
,,,,,,Boron_Ion_Mine_Fab,Teladi_Enhanced_Kea,,,,,,,,,,,,,,,,,,,,,
,,,,,,Split_Tracker_Mine_Fab,Teladi_Vulture_Prototype,,,,,,,,,,,,,,,,,,,,,
,,,,,,Terran_Matter/Anti_Matter_Mine_Fab,Teladi_Toucan_Prototype,,,,,,,,,,,,,,,,,,,,,
,,,,,,Terran_EMP_Rifle_Assembly_Facility,Teladi_Falcon_Prototype,,,,,,,,,,,,,,,,,,,,,
,,,,,,Terran_Phantom_Missile_Fabrication_Facility,,,,,,,,,,,,,,,,,,,,,,
,,,,,,Terran_Shadow_Missile_Construction_Facility,Teladi_Advanced_Kestrel,,,,,,,,,,,,,,,,,,,,,
,,,,,,Terran_Ghoul_Missile_Manufacturing_Plant,Pirate_Advanced_Eclipse,,,,,,,,,,,,,,,,,,,,,
,,,,,,Argon_Low_yield_Sidearms_Fab,Pirate_Blastclaw_Prototype,,,,,,,,,,,,,,,,,,,,,
,,,,,,Paranid_Low_yield_Sidearms_Fab,Yaki_Susanowa_Prototype,,,,,,,,,,,,,,,,,,,,,
,,,,,,Split_Low_yield_Sidearms_Fab,Argon_Jump_Beacon,,,,,,,,,,,,,,,,,,,,,
,,,,,,Teladi_Low_yield_Sidearms_Fab,Argon_Message_Drone,,,,,,,,,,,,,,,,,,,,,
,,,,,,Split_Disintegrator_Rifles_Fab,Terran_deca_deaf,,,,,,,,,,,,,,,,,,,,,
,,,,,,Boron_Recon_Drone_Construction_Facility,Terran_deca_fade,,,,,,,,,,,,,,,,,,,,,
,,,,,,Teladi_Energy_Bolt_Chaingun_Ammunition_Forge,Terran_Terran_Freight_Drone,,,,,,,,,,,,,,,,,,,,,
,,,,,,Teladi_Gauss_Cannon_Ammunition_Forge,Terran_Terran_Freight_Drone,,,,,,,,,,,,,,,,,,,,,
,,,,,,Argon_Tomahawk_Missile_Manufacturing_Plant,Terran_Terran_Freight_Drone,,,,,,,,,,,,,,,,,,,,,
,,,,,,Boron_Tomahawk_Missile_Manufacturing_Plant,Argon_Small_Orbital_Weapons_Platform,,,,,,,,,,,,,,,,,,,,,
,,,,,,Paranid_Tomahawk_Missile_Manufacturing_Plant,Terran_Terran_Freight_Drone,,,,,,,,,,,,,,,,,,,,,
,,,,,,Split_Tomahawk_Missile_Manufacturing_Plant,Terran_Lasertower,,,,,,,,,,,,,,,,,,,,,
,,,,,,Teladi_Tomahawk_Missile_Manufacturing_Plant,Terran_Lasertower,,,,,,,,,,,,,,,,,,,,,
,,,,,,Argon_Hammer_Torpedo_Fabrication_Facility,Terran_Baldric_Miner,,,,,,,,,,,,,,,,,,,,,
,,,,,,Boron_Hammer_Torpedo_Fabrication_Facility,Yaki_Advanced_Chokaro,,,,,,,,,,,,,,,,,,,,,
,,,,,,Paranid_Hammer_Torpedo_Fabrication_Facility,Terran_Xperimental_Shuttle,,,,,,,,,,,,,,,,,,,,,
,,,,,,Split_Hammer_Torpedo_Fabrication_Facility,Argon_Aamon_Prototype,,,,,,,,,,,,,,,,,,,,,
,,,,,,Teladi_Hammer_Torpedo_Fabrication_Facility,,,,,,,,,,,,,,,,,,,,,,
,,,,,,Argon_Flail_Missile_Production_Facility,,,,,,,,,,,,,,,,,,,,,,
,,,,,,Boron_Flail_Missile_Production_Facility,,,,,,,,,,,,,,,,,,,,,,
,,,,,,Paranid_Flail_Missile_Production_Facility,,,,,,,,,,,,,,,,,,,,,,
,,,,,,Split_Flail_Missile_Production_Facility,,,,,,,,,,,,,,,,,,,,,,
,,,,,,Teladi_Flail_Missile_Production_Facility,,,,,,,,,,,,,,,,,,,,,,
,,,,,,Terran_Ice_Harvesting_Facility,,,,,,,,,,,,,,,,,,,,,,
,,,,,,Pirate_Plasma_Burst_Generator_Forge,,,,,,,,,,,,,,,,,,,,,,
,,,,,,Pirate_Incendiary_Bomb_Launcher_Forge,,,,,,,,,,,,,,,,,,,,,,
,,,,,,Teladi_Light_Weapons_Complex,,,,,,,,,,,,,,,,,,,,,,
,,,,,,Argon_Heavy_Weapons_Complex,,,,,,,,,,,,,,,,,,,,,,
,,,,,,Terran_Solar_Power_Plant,,,,,,,,,,,,,,,,,,,,,,
,,,,,,Terran_Solar_Power_Plant,,,,,,,,,,,,,,,,,,,,,,
,,,,,,Terran_Solar_Power_Plant,,,,,,,,,,,,,,,,,,,,,,
,,,,,,Terran_Aldrin_Mining_Base,,,,,,,,,,,,,,,,,,,,,,
,,,,,,Terran_Aldrin_Tech_Production_Base,,,,,,,,,,,,,,,,,,,,,,
,,,,,,Terran_Aldrin_Mixed_Food_Production_Base,,,,,,,,,,,,,,,,,,,,,,
,,,,,,Terran_Aldrin_Natural_Habitat_Base,,,,,,,,,,,,,,,,,,,,,,
,,,,,,Terran_Aldrin_Energy_Production_Base,,,,,,,,,,,,,,,,,,,,,,
,,,,,,Terran_Aldrin_Ship_Production_Base,,,,,,,,,,,,,,,,,,,,,,
,,,,,,Terran_Aldrin_Weapon_Production_Base,,,,,,,,,,,,,,,,,,,,,,
,,,,,,Terran_Mining_Outpost,,,,,,,,,,,,,,,,,,,,,,
,,,,,,Terran_Ice_Harvesting_Facility,,,,,,,,,,,,,,,,,,,,,,
,,,,,,Argon_OTAS_Shipyard,,,,,,,,,,,,,,,,,,,,,,
,,,,,,Pirate_Shipyard,,,,,,,,,,,,,,,,,,,,,,
,,,,,,Yaki_Shipyard,,,,,,,,,,,,,,,,,,,,,,
,,,,,,Terran_Keris_Drone_Factory,,,,,,,,,,,,,,,,,,,,,,
,,,,,,Terran_Aldrin_Experimental_EMPC_Forge,,,,,,,,,,,,,,,,,,,,,,
,,,,,,Argon_Drone_Production_Facility,,,,,,,,,,,,,,,,,,,,,,
,,,,,,Boron_Drone_Production_Facility,,,,,,,,,,,,,,,,,,,,,,
,,,,,,Split_Drone_Production_Facility,,,,,,,,,,,,,,,,,,,,,,
,,,,,,Teladi_Drone_Production_Facility,,,,,,,,,,,,,,,,,,,,,,
,,,,,,Argon_Advanced_Drone_Factory,,,,,,,,,,,,,,,,,,,,,,
,,,,,,Split_Advanced_Drone_Factory,,,,,,,,,,,,,,,,,,,,,,
,,,,,,Terran_Solar_Power_Plant,,,,,,,,,,,,,,,,,,,,,,
,,,,,,Terran_Solar_Power_Plant,,,,,,,,,,,,,,,,,,,,,,
,,,,,,Terran_Solar_Power_Plant,,,,,,,,,,,,,,,,,,,,,,
,,,,,,Terran_Ore_Mine,,,,,,,,,,,,,,,,,,,,,,
,,,,,,Terran_Ore_Mine,,,,,,,,,,,,,,,,,,,,,,
,,,,,,Terran_Silicon_Mine,,,,,,,,,,,,,,,,,,,,,,
,,,,,,Terran_Silicon_Mine,,,,,,,,,,,,,,,,,,,,,,
,,,,,,Terran_Protein_Paste_Blending_Facility,,,,,,,,,,,,,,,,,,,,,,
,,,,,,Terran_Protein_Paste_Blending_Facility,,,,,,,,,,,,,,,,,,,,,,
,,,,,,Terran_Water_Purification_Plant,,,,,,,,,,,,,,,,,,,,,,
,,,,,,Terran_Water_Purification_Plant,,,,,,,,,,,,,,,,,,,,,,
,,,,,,Terran_Crystal_Fab,,,,,,,,,,,,,,,,,,,,,,
,,,,,,Terran_Crystal_Fab,,,,,,,,,,,,,,,,,,,,,,
,,,,,,Terran_USC_Food_Supply_Factory,,,,,,,,,,,,,,,,,,,,,,
,,,,,,Terran_USC_Food_Supply_Factory,,,,,,,,,,,,,,,,,,,,,,
,,,,,,Terran_Carbo_Cake_Factory,,,,,,,,,,,,,,,,,,,,,,
,,,,,,Terran_Carbo_Cake_Factory,,,,,,,,,,,,,,,,,,,,,,
,,,,,,Terran_EMPC_Forge,,,,,,,,,,,,,,,,,,,,,,
,,,,,,Terran_Matter/Anti_Matter_Launcher_Forge,,,,,,,,,,,,,,,,,,,,,,
,,,,,,Terran_Point_Singularity_Projector_Forge,,,,,,,,,,,,,,,,,,,,,,
,,,,,,Terran_Starburst_Shockwave_Cannon_Forge,,,,,,,,,,,,,,,,,,,,,,
,,,,,,Terran_Keris_Drone_Factory,,,,,,,,,,,,,,,,,,,,,,
,,,,,,Terran_Shadow_Missile_Construction_Facility,,,,,,,,,,,,,,,,,,,,,,
,,,,,,Terran_Phantom_Missile_Fabrication_Facility,,,,,,,,,,,,,,,,,,,,,,
,,,,,,Terran_Poltergeist_Missile_Fabrication_Facility,,,,,,,,,,,,,,,,,,,,,,
,,,,,,Terran_Wraith_Missile_Production_Plant,,,,,,,,,,,,,,,,,,,,,,
,,,,,,Argon_Crystal_Fab,,,,,,,,,,,,,,,,,,,,,,
,,,,,,Boron_Crystal_Fab,,,,,,,,,,,,,,,,,,,,,,
,,,,,,Paranid_Crystal_Fab,,,,,,,,,,,,,,,,,,,,,,
,,,,,,Split_Crystal_Fab,,,,,,,,,,,,,,,,,,,,,,
,,,,,,Teladi_Crystal_Fab,,,,,,,,,,,,,,,,,,,,,,
